model_key,mode,gate_type,feature_bundle,selected_trial,params_json,category_top_k,dataset_top_k,cluster_top_k,threshold,accuracy_mean,accuracy_std,open_precision_mean,open_precision_std,open_recall_mean,open_recall_std,open_f1_mean,open_f1_std,closed_precision_mean,closed_precision_std,closed_recall_mean,closed_recall_std,closed_f1_mean,closed_f1_std,pr_auc_closed_mean,pr_auc_closed_std
lr,two-stage,diagnostic,v2_lr2,19,"{""C"": 0.018049168526244785, ""class_weight"": {""0"": 5.0, ""1"": 1.0}, ""max_iter"": 1000, ""solver"": ""lbfgs""}",15,10,20,0.5,0.8768135160355581,0.010449819680687448,0.9205386873578736,0.0029679284057850643,0.9460714285714286,0.01124102060391702,0.9330993259566223,0.006013510661135809,0.26621534847995715,0.05183874148667946,0.18920217209690898,0.029212034826800688,0.2196864818693693,0.032691033604045815,0.18701652189427137,0.028548283669967388
lr,two-stage,diagnostic,v2_lr2,19,"{""C"": 0.018049168526244785, ""class_weight"": {""0"": 5.0, ""1"": 1.0}, ""max_iter"": 1000, ""solver"": ""lbfgs""}",15,10,30,0.5,0.8752988907364919,0.008723811747558539,0.9204146371435813,0.0027248008933250406,0.944404761904762,0.009777861523038606,0.9322293509784669,0.005037850400834606,0.2585881127172696,0.041461974242635764,0.18920217209690895,0.027718386769737778,0.21722853254143876,0.027645615426221407,0.1872278186901023,0.028261871398473446
lr,two-stage,diagnostic,v2_lr2,19,"{""C"": 0.018049168526244785, ""class_weight"": {""0"": 5.0, ""1"": 1.0}, ""max_iter"": 1000, ""solver"": ""lbfgs""}",15,10,45,0.5,0.8770296154412848,0.00986098068792961,0.9203665035157969,0.0027347858156114412,0.9465476190476191,0.011132066407200917,0.9332405981078479,0.005700658011755849,0.2652179635408002,0.04752132637304406,0.1868212197159566,0.028465859232731892,0.21753410831611983,0.029177251401273276,0.18675224927291859,0.029374271111125973
lr,two-stage,diagnostic,v2_lr2,19,"{""C"": 0.018049168526244785, ""class_weight"": {""0"": 5.0, ""1"": 1.0}, ""max_iter"": 1000, ""solver"": ""lbfgs""}",15,10,60,0.5,0.8770292646305612,0.010537538598379954,0.9201723244594265,0.002629633066859064,0.9467857142857142,0.012114813555436713,0.933250112510464,0.006112694054931687,0.26457659258191174,0.04882737367510441,0.18446115288220558,0.027769500842854254,0.21544312813328742,0.028008277990421965,0.1889817314156976,0.03020801364359775
lr,two-stage,diagnostic,v2_lr2,19,"{""C"": 0.018049168526244785, ""class_weight"": {""0"": 5.0, ""1"": 1.0}, ""max_iter"": 1000, ""solver"": ""lbfgs""}",15,20,20,0.5,0.8768135160355581,0.010449819680687448,0.9205386873578736,0.0029679284057850643,0.9460714285714286,0.01124102060391702,0.9330993259566223,0.006013510661135809,0.26621534847995715,0.05183874148667946,0.18920217209690898,0.029212034826800688,0.2196864818693693,0.032691033604045815,0.18701652189427137,0.028548283669967388
lr,two-stage,diagnostic,v2_lr2,19,"{""C"": 0.018049168526244785, ""class_weight"": {""0"": 5.0, ""1"": 1.0}, ""max_iter"": 1000, ""solver"": ""lbfgs""}",15,20,30,0.5,0.8752988907364919,0.008723811747558539,0.9204146371435813,0.0027248008933250406,0.944404761904762,0.009777861523038606,0.9322293509784669,0.005037850400834606,0.2585881127172696,0.041461974242635764,0.18920217209690895,0.027718386769737778,0.21722853254143876,0.027645615426221407,0.1872278186901023,0.028261871398473446
lr,two-stage,diagnostic,v2_lr2,19,"{""C"": 0.018049168526244785, ""class_weight"": {""0"": 5.0, ""1"": 1.0}, ""max_iter"": 1000, ""solver"": ""lbfgs""}",15,20,45,0.5,0.8770296154412848,0.00986098068792961,0.9203665035157969,0.0027347858156114412,0.9465476190476191,0.011132066407200917,0.9332405981078479,0.005700658011755849,0.2652179635408002,0.04752132637304406,0.1868212197159566,0.028465859232731892,0.21753410831611983,0.029177251401273276,0.18675224927291859,0.029374271111125973
lr,two-stage,diagnostic,v2_lr2,19,"{""C"": 0.018049168526244785, ""class_weight"": {""0"": 5.0, ""1"": 1.0}, ""max_iter"": 1000, ""solver"": ""lbfgs""}",15,20,60,0.5,0.8770292646305612,0.010537538598379954,0.9201723244594265,0.002629633066859064,0.9467857142857142,0.012114813555436713,0.933250112510464,0.006112694054931687,0.26457659258191174,0.04882737367510441,0.18446115288220558,0.027769500842854254,0.21544312813328742,0.028008277990421965,0.1889817314156976,0.03020801364359775
lr,two-stage,diagnostic,v2_lr2,19,"{""C"": 0.018049168526244785, ""class_weight"": {""0"": 5.0, ""1"": 1.0}, ""max_iter"": 1000, ""solver"": ""lbfgs""}",15,30,20,0.5,0.8768135160355581,0.010449819680687448,0.9205386873578736,0.0029679284057850643,0.9460714285714286,0.01124102060391702,0.9330993259566223,0.006013510661135809,0.26621534847995715,0.05183874148667946,0.18920217209690898,0.029212034826800688,0.2196864818693693,0.032691033604045815,0.18701652189427137,0.028548283669967388
lr,two-stage,diagnostic,v2_lr2,19,"{""C"": 0.018049168526244785, ""class_weight"": {""0"": 5.0, ""1"": 1.0}, ""max_iter"": 1000, ""solver"": ""lbfgs""}",15,30,30,0.5,0.8752988907364919,0.008723811747558539,0.9204146371435813,0.0027248008933250406,0.944404761904762,0.009777861523038606,0.9322293509784669,0.005037850400834606,0.2585881127172696,0.041461974242635764,0.18920217209690895,0.027718386769737778,0.21722853254143876,0.027645615426221407,0.1872278186901023,0.028261871398473446
lr,two-stage,diagnostic,v2_lr2,19,"{""C"": 0.018049168526244785, ""class_weight"": {""0"": 5.0, ""1"": 1.0}, ""max_iter"": 1000, ""solver"": ""lbfgs""}",15,30,45,0.5,0.8770296154412848,0.00986098068792961,0.9203665035157969,0.0027347858156114412,0.9465476190476191,0.011132066407200917,0.9332405981078479,0.005700658011755849,0.2652179635408002,0.04752132637304406,0.1868212197159566,0.028465859232731892,0.21753410831611983,0.029177251401273276,0.18675224927291859,0.029374271111125973
lr,two-stage,diagnostic,v2_lr2,19,"{""C"": 0.018049168526244785, ""class_weight"": {""0"": 5.0, ""1"": 1.0}, ""max_iter"": 1000, ""solver"": ""lbfgs""}",15,30,60,0.5,0.8770292646305612,0.010537538598379954,0.9201723244594265,0.002629633066859064,0.9467857142857142,0.012114813555436713,0.933250112510464,0.006112694054931687,0.26457659258191174,0.04882737367510441,0.18446115288220558,0.027769500842854254,0.21544312813328742,0.028008277990421965,0.1889817314156976,0.03020801364359775
lr,two-stage,diagnostic,v2_lr2,19,"{""C"": 0.018049168526244785, ""class_weight"": {""0"": 5.0, ""1"": 1.0}, ""max_iter"": 1000, ""solver"": ""lbfgs""}",15,40,20,0.5,0.8768135160355581,0.010449819680687448,0.9205386873578736,0.0029679284057850643,0.9460714285714286,0.01124102060391702,0.9330993259566223,0.006013510661135809,0.26621534847995715,0.05183874148667946,0.18920217209690898,0.029212034826800688,0.2196864818693693,0.032691033604045815,0.18701652189427137,0.028548283669967388
lr,two-stage,diagnostic,v2_lr2,19,"{""C"": 0.018049168526244785, ""class_weight"": {""0"": 5.0, ""1"": 1.0}, ""max_iter"": 1000, ""solver"": ""lbfgs""}",15,40,30,0.5,0.8752988907364919,0.008723811747558539,0.9204146371435813,0.0027248008933250406,0.944404761904762,0.009777861523038606,0.9322293509784669,0.005037850400834606,0.2585881127172696,0.041461974242635764,0.18920217209690895,0.027718386769737778,0.21722853254143876,0.027645615426221407,0.1872278186901023,0.028261871398473446
lr,two-stage,diagnostic,v2_lr2,19,"{""C"": 0.018049168526244785, ""class_weight"": {""0"": 5.0, ""1"": 1.0}, ""max_iter"": 1000, ""solver"": ""lbfgs""}",15,40,45,0.5,0.8770296154412848,0.00986098068792961,0.9203665035157969,0.0027347858156114412,0.9465476190476191,0.011132066407200917,0.9332405981078479,0.005700658011755849,0.2652179635408002,0.04752132637304406,0.1868212197159566,0.028465859232731892,0.21753410831611983,0.029177251401273276,0.18675224927291859,0.029374271111125973
lr,two-stage,diagnostic,v2_lr2,19,"{""C"": 0.018049168526244785, ""class_weight"": {""0"": 5.0, ""1"": 1.0}, ""max_iter"": 1000, ""solver"": ""lbfgs""}",15,40,60,0.5,0.8770292646305612,0.010537538598379954,0.9201723244594265,0.002629633066859064,0.9467857142857142,0.012114813555436713,0.933250112510464,0.006112694054931687,0.26457659258191174,0.04882737367510441,0.18446115288220558,0.027769500842854254,0.21544312813328742,0.028008277990421965,0.1889817314156976,0.03020801364359775
lr,two-stage,diagnostic,v2_lr2,19,"{""C"": 0.018049168526244785, ""class_weight"": {""0"": 5.0, ""1"": 1.0}, ""max_iter"": 1000, ""solver"": ""lbfgs""}",25,10,20,0.5,0.8760557648726207,0.009587029103098983,0.9205719887881652,0.0031484220556452763,0.9451190476190476,0.00987736595842454,0.9326605366706228,0.005488951850640854,0.2625849133741791,0.048082817260926426,0.1904135338345865,0.029966036962732586,0.21968587371447215,0.033587014735067144,0.1880686496836711,0.028272319382832617
lr,two-stage,diagnostic,v2_lr2,19,"{""C"": 0.018049168526244785, ""class_weight"": {""0"": 5.0, ""1"": 1.0}, ""max_iter"": 1000, ""solver"": ""lbfgs""}",25,10,30,0.5,0.8746502417085885,0.010926493376678068,0.92054355538401,0.0032406838794209673,0.9434523809523809,0.011001442906807537,0.9318308025697463,0.006254779976006823,0.2593264141018713,0.05475412145527965,0.19154135338345865,0.030783652892169264,0.21914098861274894,0.0363573645220111,0.18945026573188964,0.030067154366581715
lr,two-stage,diagnostic,v2_lr2,19,"{""C"": 0.018049168526244785, ""class_weight"": {""0"": 5.0, ""1"": 1.0}, ""max_iter"": 1000, ""solver"": ""lbfgs""}",25,10,45,0.5,0.8761639899808458,0.010031788466028752,0.9206776793635957,0.0031020715364865853,0.9451190476190476,0.010421937442018699,0.9327123957120592,0.005744090577997178,0.26439805444696884,0.05311568763043756,0.1915413533834587,0.030807661774357353,0.22090324778230522,0.035244899901033064,0.18898272506793667,0.02858962378132856
lr,two-stage,diagnostic,v2_lr2,19,"{""C"": 0.018049168526244785, ""class_weight"": {""0"": 5.0, ""1"": 1.0}, ""max_iter"": 1000, ""solver"": ""lbfgs""}",25,10,60,0.5,0.8759475397643954,0.009716344684769746,0.9201766930000442,0.0026467462173212918,0.9454761904761904,0.011024606574085927,0.9326225000446112,0.005629258920516912,0.2595772769742433,0.04373412270306696,0.18558897243107772,0.028883239333493183,0.21487133463092167,0.02884856366107347,0.18866780855238996,0.02853393816092647
lr,two-stage,diagnostic,v2_lr2,19,"{""C"": 0.018049168526244785, ""class_weight"": {""0"": 5.0, ""1"": 1.0}, ""max_iter"": 1000, ""solver"": ""lbfgs""}",25,20,20,0.5,0.8760557648726207,0.009587029103098983,0.9205719887881652,0.0031484220556452763,0.9451190476190476,0.00987736595842454,0.9326605366706228,0.005488951850640854,0.2625849133741791,0.048082817260926426,0.1904135338345865,0.029966036962732586,0.21968587371447215,0.033587014735067144,0.1880686496836711,0.028272319382832617
lr,two-stage,diagnostic,v2_lr2,19,"{""C"": 0.018049168526244785, ""class_weight"": {""0"": 5.0, ""1"": 1.0}, ""max_iter"": 1000, ""solver"": ""lbfgs""}",25,20,30,0.5,0.8746502417085885,0.010926493376678068,0.92054355538401,0.0032406838794209673,0.9434523809523809,0.011001442906807537,0.9318308025697463,0.006254779976006823,0.2593264141018713,0.05475412145527965,0.19154135338345865,0.030783652892169264,0.21914098861274894,0.0363573645220111,0.18945026573188964,0.030067154366581715
lr,two-stage,diagnostic,v2_lr2,19,"{""C"": 0.018049168526244785, ""class_weight"": {""0"": 5.0, ""1"": 1.0}, ""max_iter"": 1000, ""solver"": ""lbfgs""}",25,20,45,0.5,0.8761639899808458,0.010031788466028752,0.9206776793635957,0.0031020715364865853,0.9451190476190476,0.010421937442018699,0.9327123957120592,0.005744090577997178,0.26439805444696884,0.05311568763043756,0.1915413533834587,0.030807661774357353,0.22090324778230522,0.035244899901033064,0.18898272506793667,0.02858962378132856
lr,two-stage,diagnostic,v2_lr2,19,"{""C"": 0.018049168526244785, ""class_weight"": {""0"": 5.0, ""1"": 1.0}, ""max_iter"": 1000, ""solver"": ""lbfgs""}",25,20,60,0.5,0.8759475397643954,0.009716344684769746,0.9201766930000442,0.0026467462173212918,0.9454761904761904,0.011024606574085927,0.9326225000446112,0.005629258920516912,0.2595772769742433,0.04373412270306696,0.18558897243107772,0.028883239333493183,0.21487133463092167,0.02884856366107347,0.18866780855238996,0.02853393816092647
lr,two-stage,diagnostic,v2_lr2,19,"{""C"": 0.018049168526244785, ""class_weight"": {""0"": 5.0, ""1"": 1.0}, ""max_iter"": 1000, ""solver"": ""lbfgs""}",25,30,20,0.5,0.8760557648726207,0.009587029103098983,0.9205719887881652,0.0031484220556452763,0.9451190476190476,0.00987736595842454,0.9326605366706228,0.005488951850640854,0.2625849133741791,0.048082817260926426,0.1904135338345865,0.029966036962732586,0.21968587371447215,0.033587014735067144,0.1880686496836711,0.028272319382832617
lr,two-stage,diagnostic,v2_lr2,19,"{""C"": 0.018049168526244785, ""class_weight"": {""0"": 5.0, ""1"": 1.0}, ""max_iter"": 1000, ""solver"": ""lbfgs""}",25,30,30,0.5,0.8746502417085885,0.010926493376678068,0.92054355538401,0.0032406838794209673,0.9434523809523809,0.011001442906807537,0.9318308025697463,0.006254779976006823,0.2593264141018713,0.05475412145527965,0.19154135338345865,0.030783652892169264,0.21914098861274894,0.0363573645220111,0.18945026573188964,0.030067154366581715
lr,two-stage,diagnostic,v2_lr2,19,"{""C"": 0.018049168526244785, ""class_weight"": {""0"": 5.0, ""1"": 1.0}, ""max_iter"": 1000, ""solver"": ""lbfgs""}",25,30,45,0.5,0.8761639899808458,0.010031788466028752,0.9206776793635957,0.0031020715364865853,0.9451190476190476,0.010421937442018699,0.9327123957120592,0.005744090577997178,0.26439805444696884,0.05311568763043756,0.1915413533834587,0.030807661774357353,0.22090324778230522,0.035244899901033064,0.18898272506793667,0.02858962378132856
lr,two-stage,diagnostic,v2_lr2,19,"{""C"": 0.018049168526244785, ""class_weight"": {""0"": 5.0, ""1"": 1.0}, ""max_iter"": 1000, ""solver"": ""lbfgs""}",25,30,60,0.5,0.8759475397643954,0.009716344684769746,0.9201766930000442,0.0026467462173212918,0.9454761904761904,0.011024606574085927,0.9326225000446112,0.005629258920516912,0.2595772769742433,0.04373412270306696,0.18558897243107772,0.028883239333493183,0.21487133463092167,0.02884856366107347,0.18866780855238996,0.02853393816092647
lr,two-stage,diagnostic,v2_lr2,19,"{""C"": 0.018049168526244785, ""class_weight"": {""0"": 5.0, ""1"": 1.0}, ""max_iter"": 1000, ""solver"": ""lbfgs""}",25,40,20,0.5,0.8760557648726207,0.009587029103098983,0.9205719887881652,0.0031484220556452763,0.9451190476190476,0.00987736595842454,0.9326605366706228,0.005488951850640854,0.2625849133741791,0.048082817260926426,0.1904135338345865,0.029966036962732586,0.21968587371447215,0.033587014735067144,0.1880686496836711,0.028272319382832617
lr,two-stage,diagnostic,v2_lr2,19,"{""C"": 0.018049168526244785, ""class_weight"": {""0"": 5.0, ""1"": 1.0}, ""max_iter"": 1000, ""solver"": ""lbfgs""}",25,40,30,0.5,0.8746502417085885,0.010926493376678068,0.92054355538401,0.0032406838794209673,0.9434523809523809,0.011001442906807537,0.9318308025697463,0.006254779976006823,0.2593264141018713,0.05475412145527965,0.19154135338345865,0.030783652892169264,0.21914098861274894,0.0363573645220111,0.18945026573188964,0.030067154366581715
lr,two-stage,diagnostic,v2_lr2,19,"{""C"": 0.018049168526244785, ""class_weight"": {""0"": 5.0, ""1"": 1.0}, ""max_iter"": 1000, ""solver"": ""lbfgs""}",25,40,45,0.5,0.8761639899808458,0.010031788466028752,0.9206776793635957,0.0031020715364865853,0.9451190476190476,0.010421937442018699,0.9327123957120592,0.005744090577997178,0.26439805444696884,0.05311568763043756,0.1915413533834587,0.030807661774357353,0.22090324778230522,0.035244899901033064,0.18898272506793667,0.02858962378132856
lr,two-stage,diagnostic,v2_lr2,19,"{""C"": 0.018049168526244785, ""class_weight"": {""0"": 5.0, ""1"": 1.0}, ""max_iter"": 1000, ""solver"": ""lbfgs""}",25,40,60,0.5,0.8759475397643954,0.009716344684769746,0.9201766930000442,0.0026467462173212918,0.9454761904761904,0.011024606574085927,0.9326225000446112,0.005629258920516912,0.2595772769742433,0.04373412270306696,0.18558897243107772,0.028883239333493183,0.21487133463092167,0.02884856366107347,0.18866780855238996,0.02853393816092647
lr,two-stage,diagnostic,v2_lr2,19,"{""C"": 0.018049168526244785, ""class_weight"": {""0"": 5.0, ""1"": 1.0}, ""max_iter"": 1000, ""solver"": ""lbfgs""}",35,10,20,0.5,0.8772455394416497,0.009492648662882129,0.9205810230532432,0.003031737066469447,0.9465476190476191,0.010482952363214912,0.9333542680360123,0.005468425749240844,0.2665801433932996,0.04743168974012062,0.18918128654970764,0.03182498262055124,0.2198486655694522,0.033129952650943865,0.18875252914399837,0.02854884190490981
lr,two-stage,diagnostic,v2_lr2,19,"{""C"": 0.018049168526244785, ""class_weight"": {""0"": 5.0, ""1"": 1.0}, ""max_iter"": 1000, ""solver"": ""lbfgs""}",35,10,30,0.5,0.8765974166298316,0.01062984582412196,0.9202297467869057,0.0027671515304906725,0.9461904761904762,0.011860632494711367,0.932993604377135,0.006151325004962712,0.2633018924498597,0.04768920602260985,0.18563074352548042,0.028464526028013484,0.21598994623366016,0.029620514319820736,0.18946468457316237,0.029883094854349364
lr,two-stage,diagnostic,v2_lr2,19,"{""C"": 0.018049168526244785, ""class_weight"": {""0"": 5.0, ""1"": 1.0}, ""max_iter"": 1000, ""solver"": ""lbfgs""}",35,10,45,0.5,0.8767052909273331,0.011187705806038109,0.920528601518196,0.0029769460178089464,0.945952380952381,0.012154522874381157,0.9330311396625888,0.006449771940439745,0.26669798714359627,0.05269165261656,0.18916040100250628,0.03033431428071759,0.21951869844395838,0.03308192338891,0.18928541220083145,0.028798490282777957
lr,two-stage,diagnostic,v2_lr2,19,"{""C"": 0.018049168526244785, ""class_weight"": {""0"": 5.0, ""1"": 1.0}, ""max_iter"": 1000, ""solver"": ""lbfgs""}",35,10,60,0.5,0.8767049401166097,0.010244108043569905,0.9207257942816545,0.0031557194042271188,0.9457142857142856,0.010887488919213019,0.9330233228601407,0.005880938195461826,0.26660337205955537,0.05238439422588565,0.19154135338345865,0.032158141078250185,0.22150533270212583,0.03576911599051535,0.18966286526381454,0.029346691663515778
lr,two-stage,diagnostic,v2_lr2,19,"{""C"": 0.018049168526244785, ""class_weight"": {""0"": 5.0, ""1"": 1.0}, ""max_iter"": 1000, ""solver"": ""lbfgs""}",35,20,20,0.5,0.8772455394416497,0.009492648662882129,0.9205810230532432,0.003031737066469447,0.9465476190476191,0.010482952363214912,0.9333542680360123,0.005468425749240844,0.2665801433932996,0.04743168974012062,0.18918128654970764,0.03182498262055124,0.2198486655694522,0.033129952650943865,0.18875252914399837,0.02854884190490981
lr,two-stage,diagnostic,v2_lr2,19,"{""C"": 0.018049168526244785, ""class_weight"": {""0"": 5.0, ""1"": 1.0}, ""max_iter"": 1000, ""solver"": ""lbfgs""}",35,20,30,0.5,0.8765974166298316,0.01062984582412196,0.9202297467869057,0.0027671515304906725,0.9461904761904762,0.011860632494711367,0.932993604377135,0.006151325004962712,0.2633018924498597,0.04768920602260985,0.18563074352548042,0.028464526028013484,0.21598994623366016,0.029620514319820736,0.18946468457316237,0.029883094854349364
lr,two-stage,diagnostic,v2_lr2,19,"{""C"": 0.018049168526244785, ""class_weight"": {""0"": 5.0, ""1"": 1.0}, ""max_iter"": 1000, ""solver"": ""lbfgs""}",35,20,45,0.5,0.8767052909273331,0.011187705806038109,0.920528601518196,0.0029769460178089464,0.945952380952381,0.012154522874381157,0.9330311396625888,0.006449771940439745,0.26669798714359627,0.05269165261656,0.18916040100250628,0.03033431428071759,0.21951869844395838,0.03308192338891,0.18928541220083145,0.028798490282777957
lr,two-stage,diagnostic,v2_lr2,19,"{""C"": 0.018049168526244785, ""class_weight"": {""0"": 5.0, ""1"": 1.0}, ""max_iter"": 1000, ""solver"": ""lbfgs""}",35,20,60,0.5,0.8767049401166097,0.010244108043569905,0.9207257942816545,0.0031557194042271188,0.9457142857142856,0.010887488919213019,0.9330233228601407,0.005880938195461826,0.26660337205955537,0.05238439422588565,0.19154135338345865,0.032158141078250185,0.22150533270212583,0.03576911599051535,0.18966286526381454,0.029346691663515778
lr,two-stage,diagnostic,v2_lr2,19,"{""C"": 0.018049168526244785, ""class_weight"": {""0"": 5.0, ""1"": 1.0}, ""max_iter"": 1000, ""solver"": ""lbfgs""}",35,30,20,0.5,0.8772455394416497,0.009492648662882129,0.9205810230532432,0.003031737066469447,0.9465476190476191,0.010482952363214912,0.9333542680360123,0.005468425749240844,0.2665801433932996,0.04743168974012062,0.18918128654970764,0.03182498262055124,0.2198486655694522,0.033129952650943865,0.18875252914399837,0.02854884190490981
lr,two-stage,diagnostic,v2_lr2,19,"{""C"": 0.018049168526244785, ""class_weight"": {""0"": 5.0, ""1"": 1.0}, ""max_iter"": 1000, ""solver"": ""lbfgs""}",35,30,30,0.5,0.8765974166298316,0.01062984582412196,0.9202297467869057,0.0027671515304906725,0.9461904761904762,0.011860632494711367,0.932993604377135,0.006151325004962712,0.2633018924498597,0.04768920602260985,0.18563074352548042,0.028464526028013484,0.21598994623366016,0.029620514319820736,0.18946468457316237,0.029883094854349364
lr,two-stage,diagnostic,v2_lr2,19,"{""C"": 0.018049168526244785, ""class_weight"": {""0"": 5.0, ""1"": 1.0}, ""max_iter"": 1000, ""solver"": ""lbfgs""}",35,30,45,0.5,0.8767052909273331,0.011187705806038109,0.920528601518196,0.0029769460178089464,0.945952380952381,0.012154522874381157,0.9330311396625888,0.006449771940439745,0.26669798714359627,0.05269165261656,0.18916040100250628,0.03033431428071759,0.21951869844395838,0.03308192338891,0.18928541220083145,0.028798490282777957
lr,two-stage,diagnostic,v2_lr2,19,"{""C"": 0.018049168526244785, ""class_weight"": {""0"": 5.0, ""1"": 1.0}, ""max_iter"": 1000, ""solver"": ""lbfgs""}",35,30,60,0.5,0.8767049401166097,0.010244108043569905,0.9207257942816545,0.0031557194042271188,0.9457142857142856,0.010887488919213019,0.9330233228601407,0.005880938195461826,0.26660337205955537,0.05238439422588565,0.19154135338345865,0.032158141078250185,0.22150533270212583,0.03576911599051535,0.18966286526381454,0.029346691663515778
lr,two-stage,diagnostic,v2_lr2,19,"{""C"": 0.018049168526244785, ""class_weight"": {""0"": 5.0, ""1"": 1.0}, ""max_iter"": 1000, ""solver"": ""lbfgs""}",35,40,20,0.5,0.8772455394416497,0.009492648662882129,0.9205810230532432,0.003031737066469447,0.9465476190476191,0.010482952363214912,0.9333542680360123,0.005468425749240844,0.2665801433932996,0.04743168974012062,0.18918128654970764,0.03182498262055124,0.2198486655694522,0.033129952650943865,0.18875252914399837,0.02854884190490981
lr,two-stage,diagnostic,v2_lr2,19,"{""C"": 0.018049168526244785, ""class_weight"": {""0"": 5.0, ""1"": 1.0}, ""max_iter"": 1000, ""solver"": ""lbfgs""}",35,40,30,0.5,0.8765974166298316,0.01062984582412196,0.9202297467869057,0.0027671515304906725,0.9461904761904762,0.011860632494711367,0.932993604377135,0.006151325004962712,0.2633018924498597,0.04768920602260985,0.18563074352548042,0.028464526028013484,0.21598994623366016,0.029620514319820736,0.18946468457316237,0.029883094854349364
lr,two-stage,diagnostic,v2_lr2,19,"{""C"": 0.018049168526244785, ""class_weight"": {""0"": 5.0, ""1"": 1.0}, ""max_iter"": 1000, ""solver"": ""lbfgs""}",35,40,45,0.5,0.8767052909273331,0.011187705806038109,0.920528601518196,0.0029769460178089464,0.945952380952381,0.012154522874381157,0.9330311396625888,0.006449771940439745,0.26669798714359627,0.05269165261656,0.18916040100250628,0.03033431428071759,0.21951869844395838,0.03308192338891,0.18928541220083145,0.028798490282777957
lr,two-stage,diagnostic,v2_lr2,19,"{""C"": 0.018049168526244785, ""class_weight"": {""0"": 5.0, ""1"": 1.0}, ""max_iter"": 1000, ""solver"": ""lbfgs""}",35,40,60,0.5,0.8767049401166097,0.010244108043569905,0.9207257942816545,0.0031557194042271188,0.9457142857142856,0.010887488919213019,0.9330233228601407,0.005880938195461826,0.26660337205955537,0.05238439422588565,0.19154135338345865,0.032158141078250185,0.22150533270212583,0.03576911599051535,0.18966286526381454,0.029346691663515778
lr,two-stage,diagnostic,v2_lr2,19,"{""C"": 0.018049168526244785, ""class_weight"": {""0"": 5.0, ""1"": 1.0}, ""max_iter"": 1000, ""solver"": ""lbfgs""}",50,10,20,0.5,0.8776789660906356,0.01065147137309248,0.9207104528352678,0.0028099376233918965,0.9469047619047618,0.011763446978129167,0.9335891039837259,0.006142486148497221,0.27129464137530357,0.05197748410008825,0.19035087719298247,0.028908147544699486,0.22187185831755993,0.030985356266352806,0.19785478727359337,0.028985568267757448
lr,two-stage,diagnostic,v2_lr2,19,"{""C"": 0.018049168526244785, ""class_weight"": {""0"": 5.0, ""1"": 1.0}, ""max_iter"": 1000, ""solver"": ""lbfgs""}",50,10,30,0.5,0.8774621650634616,0.010357626901507905,0.9203049687003282,0.0029569467002137848,0.9471428571428572,0.011458294681443777,0.9334972105650399,0.005971980305986193,0.2665751426291725,0.04877945640747565,0.1856307435254804,0.030671448280818064,0.2170961257542182,0.0315921623742596,0.1972133298275521,0.029387342329732804
lr,two-stage,diagnostic,v2_lr2,19,"{""C"": 0.018049168526244785, ""class_weight"": {""0"": 5.0, ""1"": 1.0}, ""max_iter"": 1000, ""solver"": ""lbfgs""}",50,10,45,0.5,0.8769224427652306,0.011177499611811751,0.920642569752369,0.0029788758655654307,0.9460714285714288,0.011955842792155988,0.9331497894158436,0.006436227431715849,0.2681306419872529,0.05509075386653206,0.19032999164578113,0.03021818956921693,0.22097358093846367,0.03424175938160977,0.19766774040693585,0.029749932381807523
lr,two-stage,diagnostic,v2_lr2,19,"{""C"": 0.018049168526244785, ""class_weight"": {""0"": 5.0, ""1"": 1.0}, ""max_iter"": 1000, ""solver"": ""lbfgs""}",50,10,60,0.5,0.8777864895774135,0.010289529747561425,0.9206244252646059,0.002956279458674938,0.9471428571428573,0.01134643100708939,0.9336622016324253,0.005926238642989806,0.27018352181890215,0.0510113203194737,0.18916040100250625,0.031098614849169464,0.22079816559451243,0.03271030600165333,0.19619357427358486,0.030198544633452725
lr,two-stage,diagnostic,v2_lr2,19,"{""C"": 0.018049168526244785, ""class_weight"": {""0"": 5.0, ""1"": 1.0}, ""max_iter"": 1000, ""solver"": ""lbfgs""}",50,20,20,0.5,0.8776789660906356,0.01065147137309248,0.9207104528352678,0.0028099376233918965,0.9469047619047618,0.011763446978129167,0.9335891039837259,0.006142486148497221,0.27129464137530357,0.05197748410008825,0.19035087719298247,0.028908147544699486,0.22187185831755993,0.030985356266352806,0.19785478727359337,0.028985568267757448
lr,two-stage,diagnostic,v2_lr2,19,"{""C"": 0.018049168526244785, ""class_weight"": {""0"": 5.0, ""1"": 1.0}, ""max_iter"": 1000, ""solver"": ""lbfgs""}",50,20,30,0.5,0.8774621650634616,0.010357626901507905,0.9203049687003282,0.0029569467002137848,0.9471428571428572,0.011458294681443777,0.9334972105650399,0.005971980305986193,0.2665751426291725,0.04877945640747565,0.1856307435254804,0.030671448280818064,0.2170961257542182,0.0315921623742596,0.1972133298275521,0.029387342329732804
lr,two-stage,diagnostic,v2_lr2,19,"{""C"": 0.018049168526244785, ""class_weight"": {""0"": 5.0, ""1"": 1.0}, ""max_iter"": 1000, ""solver"": ""lbfgs""}",50,20,45,0.5,0.8769224427652306,0.011177499611811751,0.920642569752369,0.0029788758655654307,0.9460714285714288,0.011955842792155988,0.9331497894158436,0.006436227431715849,0.2681306419872529,0.05509075386653206,0.19032999164578113,0.03021818956921693,0.22097358093846367,0.03424175938160977,0.19766774040693585,0.029749932381807523
lr,two-stage,diagnostic,v2_lr2,19,"{""C"": 0.018049168526244785, ""class_weight"": {""0"": 5.0, ""1"": 1.0}, ""max_iter"": 1000, ""solver"": ""lbfgs""}",50,20,60,0.5,0.8777864895774135,0.010289529747561425,0.9206244252646059,0.002956279458674938,0.9471428571428573,0.01134643100708939,0.9336622016324253,0.005926238642989806,0.27018352181890215,0.0510113203194737,0.18916040100250625,0.031098614849169464,0.22079816559451243,0.03271030600165333,0.19619357427358486,0.030198544633452725
lr,two-stage,diagnostic,v2_lr2,19,"{""C"": 0.018049168526244785, ""class_weight"": {""0"": 5.0, ""1"": 1.0}, ""max_iter"": 1000, ""solver"": ""lbfgs""}",50,30,20,0.5,0.8776789660906356,0.01065147137309248,0.9207104528352678,0.0028099376233918965,0.9469047619047618,0.011763446978129167,0.9335891039837259,0.006142486148497221,0.27129464137530357,0.05197748410008825,0.19035087719298247,0.028908147544699486,0.22187185831755993,0.030985356266352806,0.19785478727359337,0.028985568267757448
lr,two-stage,diagnostic,v2_lr2,19,"{""C"": 0.018049168526244785, ""class_weight"": {""0"": 5.0, ""1"": 1.0}, ""max_iter"": 1000, ""solver"": ""lbfgs""}",50,30,30,0.5,0.8774621650634616,0.010357626901507905,0.9203049687003282,0.0029569467002137848,0.9471428571428572,0.011458294681443777,0.9334972105650399,0.005971980305986193,0.2665751426291725,0.04877945640747565,0.1856307435254804,0.030671448280818064,0.2170961257542182,0.0315921623742596,0.1972133298275521,0.029387342329732804
lr,two-stage,diagnostic,v2_lr2,19,"{""C"": 0.018049168526244785, ""class_weight"": {""0"": 5.0, ""1"": 1.0}, ""max_iter"": 1000, ""solver"": ""lbfgs""}",50,30,45,0.5,0.8769224427652306,0.011177499611811751,0.920642569752369,0.0029788758655654307,0.9460714285714288,0.011955842792155988,0.9331497894158436,0.006436227431715849,0.2681306419872529,0.05509075386653206,0.19032999164578113,0.03021818956921693,0.22097358093846367,0.03424175938160977,0.19766774040693585,0.029749932381807523
lr,two-stage,diagnostic,v2_lr2,19,"{""C"": 0.018049168526244785, ""class_weight"": {""0"": 5.0, ""1"": 1.0}, ""max_iter"": 1000, ""solver"": ""lbfgs""}",50,30,60,0.5,0.8777864895774135,0.010289529747561425,0.9206244252646059,0.002956279458674938,0.9471428571428573,0.01134643100708939,0.9336622016324253,0.005926238642989806,0.27018352181890215,0.0510113203194737,0.18916040100250625,0.031098614849169464,0.22079816559451243,0.03271030600165333,0.19619357427358486,0.030198544633452725
lr,two-stage,diagnostic,v2_lr2,19,"{""C"": 0.018049168526244785, ""class_weight"": {""0"": 5.0, ""1"": 1.0}, ""max_iter"": 1000, ""solver"": ""lbfgs""}",50,40,20,0.5,0.8776789660906356,0.01065147137309248,0.9207104528352678,0.0028099376233918965,0.9469047619047618,0.011763446978129167,0.9335891039837259,0.006142486148497221,0.27129464137530357,0.05197748410008825,0.19035087719298247,0.028908147544699486,0.22187185831755993,0.030985356266352806,0.19785478727359337,0.028985568267757448
lr,two-stage,diagnostic,v2_lr2,19,"{""C"": 0.018049168526244785, ""class_weight"": {""0"": 5.0, ""1"": 1.0}, ""max_iter"": 1000, ""solver"": ""lbfgs""}",50,40,30,0.5,0.8774621650634616,0.010357626901507905,0.9203049687003282,0.0029569467002137848,0.9471428571428572,0.011458294681443777,0.9334972105650399,0.005971980305986193,0.2665751426291725,0.04877945640747565,0.1856307435254804,0.030671448280818064,0.2170961257542182,0.0315921623742596,0.1972133298275521,0.029387342329732804
lr,two-stage,diagnostic,v2_lr2,19,"{""C"": 0.018049168526244785, ""class_weight"": {""0"": 5.0, ""1"": 1.0}, ""max_iter"": 1000, ""solver"": ""lbfgs""}",50,40,45,0.5,0.8769224427652306,0.011177499611811751,0.920642569752369,0.0029788758655654307,0.9460714285714288,0.011955842792155988,0.9331497894158436,0.006436227431715849,0.2681306419872529,0.05509075386653206,0.19032999164578113,0.03021818956921693,0.22097358093846367,0.03424175938160977,0.19766774040693585,0.029749932381807523
lr,two-stage,diagnostic,v2_lr2,19,"{""C"": 0.018049168526244785, ""class_weight"": {""0"": 5.0, ""1"": 1.0}, ""max_iter"": 1000, ""solver"": ""lbfgs""}",50,40,60,0.5,0.8777864895774135,0.010289529747561425,0.9206244252646059,0.002956279458674938,0.9471428571428573,0.01134643100708939,0.9336622016324253,0.005926238642989806,0.27018352181890215,0.0510113203194737,0.18916040100250625,0.031098614849169464,0.22079816559451243,0.03271030600165333,0.19619357427358486,0.030198544633452725
