model_key,mode,trial,feature_bundle,params_json,objective_score,accuracy_mean,accuracy_std,open_precision_mean,open_precision_std,open_recall_mean,open_recall_std,open_f1_mean,open_f1_std,closed_precision_mean,closed_precision_std,closed_recall_mean,closed_recall_std,closed_f1_mean,closed_f1_std,pr_auc_closed_mean,pr_auc_closed_std
lr,single,1,low_plus_medium,"{""C"": 0.025311613580744272, ""class_weight"": null, ""max_iter"": 2000, ""solver"": ""lbfgs""}",-0.48049227717255244,0.9085015470752908,0.0007218181060212776,0.9085015470752908,0.0007218181060212776,1.0,0.0,0.9520572885058867,0.0003964056710414503,0.0,0.0,0.0,0.0,0.0,0.0,0.1950772282744754,0.044874098676299386
lr,single,2,low_plus_medium,"{""C"": 0.016554829223919838, ""class_weight"": null, ""max_iter"": 3000, ""solver"": ""lbfgs""}",-0.481298572329204,0.9085015470752908,0.0007218181060212776,0.9085015470752908,0.0007218181060212776,1.0,0.0,0.9520572885058867,0.0003964056710414503,0.0,0.0,0.0,0.0,0.0,0.0,0.18701427670796048,0.05360967243109321
lr,single,3,low_plus_medium,"{""C"": 0.1008501809762511, ""class_weight"": null, ""max_iter"": 3000, ""solver"": ""lbfgs""}",0.04070461193008543,0.90590624934223,0.004079179305076167,0.9093321096815565,0.000812749144184501,0.9957142857142858,0.005714285714285694,0.9505550152082447,0.002322196425210491,0.2545454545454545,0.387405013684773,0.014035087719298244,0.020459480332790526,0.024543610547667342,0.03453283561059703,0.1616100138241809,0.03711050089932596
lr,single,4,low_plus_medium,"{""C"": 0.3111284267842031, ""class_weight"": {""0"": 5.5, ""1"": 1.0}, ""max_iter"": 2000, ""solver"": ""lbfgs""}",-0.09635824421808156,0.7339356753457239,0.006933415153380259,0.9290606814896794,0.007869036850575361,0.7657142857142858,0.009202927661946535,0.8394476093565174,0.004643856863934052,0.15165587305912942,0.020387025651886326,0.4182957393483709,0.0737288984397249,0.22247378003056512,0.032197568061711035,0.14156942412081922,0.01660455077669143
lr,single,5,low_plus_medium,"{""C"": 0.020301192234346014, ""class_weight"": null, ""max_iter"": 1500, ""solver"": ""lbfgs""}",-0.48201769632152386,0.9085015470752908,0.0007218181060212776,0.9085015470752908,0.0007218181060212776,1.0,0.0,0.9520572885058867,0.0003964056710414503,0.0,0.0,0.0,0.0,0.0,0.0,0.17982303678476153,0.04203156849418895
lr,single,6,low_plus_medium,"{""C"": 0.01382493849113033, ""class_weight"": {""0"": 3.0, ""1"": 1.0}, ""max_iter"": 2000, ""solver"": ""lbfgs""}",0.18139648183865303,0.8367940811214718,0.054358579878495336,0.9155468316236984,0.0035132583841167905,0.9035714285714285,0.06343685595832715,0.9084731289248011,0.03290977358353001,0.2261124116488006,0.13617180355981606,0.17387218045112782,0.04671765921511568,0.1691317266684103,0.04417016892566632,0.18676592927299054,0.05041577572816476
lr,single,7,low_plus_medium,"{""C"": 0.25520993043148615, ""class_weight"": {""0"": 2.0, ""1"": 1.0}, ""max_iter"": 1000, ""solver"": ""lbfgs""}",-0.06967356581872189,0.7929876444463154,0.024928292025006175,0.9160091766920024,0.004852729605773029,0.85,0.026024909574623837,0.8816103462929711,0.01563621483806299,0.13608091787439616,0.0372786492297418,0.22681704260651628,0.03881527112431805,0.16908661473410883,0.03774025135967995,0.15062235868547985,0.026414252611944487
lr,single,8,low_plus_medium,"{""C"": 0.14523799531796475, ""class_weight"": ""balanced"", ""max_iter"": 3000, ""solver"": ""lbfgs""}",-0.2851871803423277,0.6499137005619988,0.03808821975387216,0.9355544020362878,0.004470365512302731,0.6599999999999999,0.043162601915102725,0.7732187960583612,0.03134973310326778,0.14119874550739553,0.013724531756396985,0.5494360902255638,0.03366498847353225,0.22427711675457546,0.018319017559190263,0.17711438010610306,0.024609663592027806
lr,single,9,low_plus_medium,"{""C"": 0.22591539740132618, ""class_weight"": {""0"": 6.0, ""1"": 1.0}, ""max_iter"": 3000, ""solver"": ""lbfgs""}",-0.08744250220271328,0.7401029278662989,0.018729623371318678,0.9273045681452367,0.0023680304679818583,0.7746428571428572,0.021499881347560583,0.8439737947837285,0.013107725081143294,0.15143536543494598,0.011899367728599501,0.3970551378446115,0.02452797454011661,0.21892769841861046,0.01401070341087119,0.14835530058713392,0.023116895006416217
lr,single,10,low_plus_medium,"{""C"": 0.11712182783108922, ""class_weight"": null, ""max_iter"": 1500, ""solver"": ""lbfgs""}",-0.48215635016308783,0.9081768717506156,0.0007483147976941508,0.9084719831432879,0.0006997640783666542,0.9996428571428572,0.0007142857142857118,0.9518789703701216,0.0004109703256589378,0.0,0.0,0.0,0.0,0.0,0.0,0.1784364983691219,0.029544572611766698
lr,single,11,low_plus_medium,"{""C"": 0.006754894903310784, ""class_weight"": ""balanced"", ""max_iter"": 2000, ""solver"": ""lbfgs""}",-0.40370716810470453,0.6242433012692332,0.05421657512295688,0.9300163996314957,0.011200220281917861,0.6349999999999999,0.07039067366331644,0.7519711840748794,0.04951037719377753,0.12439999025384973,0.012483621944460354,0.5187343358395989,0.12231057911966123,0.19955733102729423,0.02332887509332143,0.1724892269491042,0.02998070106525116
lr,single,12,low_plus_medium,"{""C"": 0.06462367929972275, ""class_weight"": {""0"": 3.0, ""1"": 1.0}, ""max_iter"": 1000, ""solver"": ""lbfgs""}",0.21187908180015247,0.8449114904544401,0.0217803431550129,0.9197039559840687,0.0042534916876807065,0.9085714285714286,0.02351182941518969,0.9139725738510153,0.013146722875957854,0.19653328097855835,0.043968863088512465,0.2129699248120301,0.03480033581328646,0.20249181651971285,0.037054241918097246,0.18054062834043755,0.016006222799541323
lr,single,13,low_plus_medium,"{""C"": 0.04455809561250374, ""class_weight"": {""0"": 2.5, ""1"": 1.0}, ""max_iter"": 1000, ""solver"": ""lbfgs""}",0.1884171390540943,0.8971494874655329,0.013123714873903417,0.9161829783728754,0.00282645017436484,0.9760714285714286,0.014042573750955384,0.9451371371176401,0.0073939995197453675,0.36616246498599436,0.15121422897313577,0.11347117794486214,0.028808703456429354,0.16886623402406606,0.043403652821368,0.19550905030028237,0.03754219218616162
lr,single,14,low_plus_medium,"{""C"": 0.04872954961426959, ""class_weight"": {""0"": 3.5, ""1"": 1.0}, ""max_iter"": 1000, ""solver"": ""lbfgs""}",0.2310967917304826,0.8426319223726031,0.02464116184308993,0.9211034614123053,0.005154290427299212,0.9042857142857142,0.029463744583775472,0.9123616736399089,0.015013848333650336,0.20372446496145208,0.047533867203706566,0.23088972431077695,0.05537018149135587,0.2118327144894494,0.03805183140303003,0.19264077241033167,0.04576980199442396
lr,single,15,low_plus_medium,"{""C"": 0.06254605481964165, ""class_weight"": {""0"": 4.0, ""1"": 1.0}, ""max_iter"": 1000, ""solver"": ""lbfgs""}",0.0070038551858656595,0.790727546359637,0.012780140158068744,0.9217824811305793,0.003754859833006143,0.8410714285714285,0.017496355305594177,0.8794597568830007,0.008657170598513994,0.15477591849236672,0.01595094480662636,0.29060150375939847,0.05006285268828399,0.2014155524339698,0.024694406991663694,0.17193413801704938,0.02404093062898289
lr,single,16,low_plus_medium,"{""C"": 0.03724182590040153, ""class_weight"": {""0"": 3.5, ""1"": 1.0}, ""max_iter"": 1000, ""solver"": ""lbfgs""}",0.2539270593895389,0.8663342735060725,0.0175606694777101,0.9225063014794278,0.002914922690254412,0.9310714285714287,0.020534937873521505,0.9266578935618514,0.010493709288636693,0.25394376544446673,0.041994549676079344,0.2233082706766917,0.036067265914605066,0.23430613658138627,0.029489044281202366,0.19620922808152647,0.024677211939156174
lr,single,17,low_plus_medium,"{""C"": 0.034573398151151756, ""class_weight"": {""0"": 4.0, ""1"": 1.0}, ""max_iter"": 1000, ""solver"": ""lbfgs""}",0.2604329369443856,0.8507445957608033,0.022426014868824878,0.9235217783679511,0.006574856974062466,0.9110714285714285,0.01957455658006387,0.9172026012040335,0.012955556516893127,0.23157079225132676,0.08142746101841676,0.2515664160401002,0.05772441828771736,0.23987163082881452,0.06920887944083627,0.2056130611557107,0.05569548826417473
lr,single,18,low_plus_medium,"{""C"": 0.006879672378736911, ""class_weight"": ""balanced"", ""max_iter"": 1000, ""solver"": ""lbfgs""}",-0.05090739334658716,0.7362289250457807,0.04674539708339358,0.9316387496011533,0.0060938437635158155,0.7660714285714286,0.057753434388557935,0.8394731284706852,0.034527933737636456,0.16176278632557736,0.021968117676250745,0.43928571428571433,0.08233340195788132,0.2341905770721066,0.026301437279669163,0.18037213675801272,0.023173886265023733
lr,single,19,low_plus_medium,"{""C"": 0.031353265853620096, ""class_weight"": {""0"": 5.0, ""1"": 1.0}, ""max_iter"": 1000, ""solver"": ""lbfgs""}",0.23330611982411875,0.8247805678923994,0.018381555432369787,0.926435102749824,0.001857236230933808,0.8767857142857143,0.022446080517815225,0.9007682660633641,0.01176971164813232,0.20406451023876043,0.022011727820385223,0.30858395989974935,0.027332950014019104,0.24433296642119734,0.01616439261647476,0.19412017618122557,0.010718552173584634
lr,single,20,low_plus_medium,"{""C"": 0.009569490261217627, ""class_weight"": {""0"": 4.5, ""1"": 1.0}, ""max_iter"": 1000, ""solver"": ""lbfgs""}",0.226855777439324,0.8848176135048096,0.0060228874840693525,0.9194061821804308,0.00391559912169164,0.9571428571428571,0.006776309271789413,0.9378755444540244,0.003399096488088771,0.27944025813321643,0.05253051880503803,0.1669172932330827,0.04055264472559078,0.2079874132680513,0.04534021910961097,0.18868364171272695,0.03737114510198692
lr,single,21,low_plus_medium,"{""C"": 0.03594992897692122, ""class_weight"": {""0"": 4.0, ""1"": 1.0}, ""max_iter"": 1500, ""solver"": ""lbfgs""}",0.2561382817593348,0.8546464880338462,0.010700648203932673,0.924043940095161,0.006449915562045355,0.9153571428571429,0.015592057109245043,0.9195705752729637,0.006604351178769024,0.2283820980756989,0.03769428239263632,0.2516290726817042,0.0759866209144676,0.23706520668883604,0.04966591205246225,0.1907307507049874,0.035087389312956914
lr,single,22,low_plus_medium,"{""C"": 0.03540803711219167, ""class_weight"": {""0"": 4.0, ""1"": 1.0}, ""max_iter"": 1500, ""solver"": ""lbfgs""}",0.28017686343543724,0.8591793133932519,0.015255650771984453,0.9255022361090379,0.003039928699791834,0.9189285714285715,0.01475134030575956,0.9221655733813081,0.008881563815139016,0.2544538293950059,0.05423548805817195,0.2658521303258145,0.023827324832206676,0.2589894183980845,0.038832940744545616,0.21187445037352776,0.0486910597990258
lr,single,23,low_plus_medium,"{""C"": 0.06810254781439229, ""class_weight"": {""0"": 4.5, ""1"": 1.0}, ""max_iter"": 1500, ""solver"": ""lbfgs""}",0.06451320625197683,0.7933065313940517,0.028165347792901606,0.9234853888237321,0.008172013924191101,0.8421428571428571,0.025990579140943205,0.8808133951871546,0.01737192508903732,0.16900179500207177,0.05570853150673463,0.3080200501253133,0.06977215844811922,0.21749198124475008,0.06299028579131555,0.17903674713943846,0.04223974057642514
lr,single,24,low_plus_medium,"{""C"": 0.011659481941641544, ""class_weight"": {""0"": 4.0, ""1"": 1.0}, ""max_iter"": 1500, ""solver"": ""lbfgs""}",0.2275400897861236,0.8497542570881308,0.04921683449028633,0.9197569409843739,0.006130936358231828,0.9142857142857143,0.05634487463788683,0.9161725319132004,0.030846811644339507,0.22603743951247401,0.06408960382875552,0.20971177944862154,0.05916479251134365,0.20832055651995426,0.054978621079122894,0.19219533266169345,0.05404060613307225
lr,single,25,low_plus_medium,"{""C"": 0.027121597889237563, ""class_weight"": ""balanced"", ""max_iter"": 1500, ""solver"": ""lbfgs""}",-0.13054660659771938,0.698600265212907,0.045764311699280476,0.93597367326763,0.004579144291855582,0.7171428571428572,0.05227722413504093,0.811049919775285,0.03555751522670792,0.15723611543283672,0.017828381852179404,0.5140350877192983,0.03839548691897104,0.23993840373972491,0.021549776099659114,0.19224170654649944,0.02497311666265243
lr,single,26,low_plus_medium,"{""C"": 0.02008979826285174, ""class_weight"": {""0"": 4.5, ""1"": 1.0}, ""max_iter"": 1500, ""solver"": ""lbfgs""}",0.24448011006976833,0.8637300300995602,0.009770357460434451,0.9220196304713355,0.003461104358590046,0.9285714285714285,0.012975644374703535,0.9252251223002419,0.005900317318285082,0.23654148322493382,0.03686377499652536,0.21948621553884712,0.04916354890683433,0.22591679861099342,0.038531686551208165,0.1856331145877491,0.020337532424361426
lr,single,27,low_plus_medium,"{""C"": 0.08034498376753652, ""class_weight"": {""0"": 3.5, ""1"": 1.0}, ""max_iter"": 1500, ""solver"": ""lbfgs""}",0.07759516670338185,0.8043481235134395,0.009265316665603885,0.922656450757118,0.001489568602607728,0.8564285714285713,0.010264362759428524,0.8882813591211146,0.005902802119013546,0.1681842024386177,0.010944190551254816,0.28721804511278193,0.012716983134368927,0.21197308666627537,0.010939371071152369,0.16465326913683095,0.0183646028414893
lr,single,28,low_plus_medium,"{""C"": 0.47751890076156134, ""class_weight"": {""0"": 5.0, ""1"": 1.0}, ""max_iter"": 1500, ""solver"": ""lbfgs""}",-0.1263049244206703,0.7342624555347408,0.02115550681808594,0.9251922800527768,0.005695424360262171,0.7696428571428571,0.02023459353459328,0.8401871017364261,0.014217901358735215,0.14460862103654434,0.023471448770221247,0.38276942355889726,0.04059183337294622,0.2097359178694605,0.030548051901149332,0.13912694049026753,0.023562505930216398
lr,single,29,low_plus_medium,"{""C"": 0.03735665780141396, ""class_weight"": {""0"": 4.0, ""1"": 1.0}, ""max_iter"": 1500, ""solver"": ""lbfgs""}",0.21482634069325435,0.847813572165274,0.030535608286106318,0.9187003081940566,0.0041766133779817275,0.9132142857142856,0.03322772385603717,0.9156896575110854,0.018618965029536035,0.20129639640848979,0.05035505333293456,0.19862155388471178,0.0287156147240328,0.1970133404136165,0.037613129109562174,0.17813000279637822,0.028950400165341388
lr,single,30,low_plus_medium,"{""C"": 0.024107552501441178, ""class_weight"": ""balanced"", ""max_iter"": 1500, ""solver"": ""lbfgs""}",-0.16858973874927496,0.6897871982150751,0.05781818847247728,0.9360260869565218,0.008902338017907139,0.7074999999999999,0.07305645007772542,0.8034594422975534,0.04588330986295154,0.1523858223212293,0.015392871898942714,0.5149749373433583,0.10702414681490002,0.23270879530192157,0.020219966009044108,0.181625137155801,0.02157050904076786
lr,single,31,low_plus_medium,"{""C"": 0.028976467919544988, ""class_weight"": null, ""max_iter"": 2000, ""solver"": ""lbfgs""}",-0.4806119999800961,0.9085015470752908,0.0007218181060212776,0.9085015470752908,0.0007218181060212776,1.0,0.0,0.9520572885058867,0.0003964056710414503,0.0,0.0,0.0,0.0,0.0,0.0,0.1938800001990389,0.044101633820682745
lr,single,32,low_plus_medium,"{""C"": 0.040029447067398714, ""class_weight"": {""0"": 3.5, ""1"": 1.0}, ""max_iter"": 1000, ""solver"": ""lbfgs""}",0.2532869681363264,0.859498200340988,0.011825650866965144,0.9228570191472034,0.0029184197281408304,0.9225,0.015008500992464775,0.9226057626219557,0.0071096043392535275,0.2360780162231288,0.03538762647912897,0.23408521303258145,0.03639234533493813,0.23332752994793826,0.028829264704652875,0.19959438188388115,0.017487692184236438
lr,single,33,low_plus_medium,"{""C"": 0.03609521910488462, ""class_weight"": {""0"": 3.5, ""1"": 1.0}, ""max_iter"": 1000, ""solver"": ""lbfgs""}",0.2416159907181969,0.8676166621061272,0.015327505430247359,0.9214726028476028,0.0039351603487766,0.9339285714285716,0.01972385895926297,0.927534653662921,0.009176206702225123,0.24691593352883676,0.045871140889164205,0.2092105263157895,0.0514904183612855,0.2225261862711561,0.04052037524838615,0.19089804447040765,0.03779999857225808
lr,single,34,low_plus_medium,"{""C"": 0.017550663379141518, ""class_weight"": {""0"": 3.0, ""1"": 1.0}, ""max_iter"": 3000, ""solver"": ""lbfgs""}",0.15687907608071397,0.8183033740975395,0.05264045155062911,0.9185056904573967,0.006725923313797569,0.8775000000000001,0.05664515397973386,0.8967822276963782,0.032461495150305233,0.19384372511542725,0.09101997488313408,0.23051378446115284,0.029649504146762616,0.20067770066334614,0.05690520432196401,0.14985314433720665,0.042208923107661514
lr,single,35,low_plus_medium,"{""C"": 0.05270197950126093, ""class_weight"": {""0"": 4.0, ""1"": 1.0}, ""max_iter"": 1500, ""solver"": ""lbfgs""}",0.19499641077677085,0.8251199772674651,0.020893794239315654,0.9232194474819441,0.0030868602887743246,0.8807142857142857,0.023128964083845974,0.901330716527865,0.012727845773316317,0.19276792150286126,0.0406355795977213,0.27286967418546365,0.03133709150410314,0.22383131100239603,0.030488754440916154,0.1900534148229142,0.03826881299914115
lr,single,36,low_plus_medium,"{""C"": 0.024311314826116134, ""class_weight"": null, ""max_iter"": 1000, ""solver"": ""lbfgs""}",-0.48031520287203594,0.9085015470752908,0.0007218181060212776,0.9085015470752908,0.0007218181060212776,1.0,0.0,0.9520572885058867,0.0003964056710414503,0.0,0.0,0.0,0.0,0.0,0.0,0.1968479712796406,0.047463060126869024
lr,single,37,low_plus_medium,"{""C"": 0.09135477977175498, ""class_weight"": {""0"": 4.5, ""1"": 1.0}, ""max_iter"": 2000, ""solver"": ""lbfgs""}",-0.026470986774945374,0.7735223852322717,0.011830261297076526,0.9234790963497403,0.007605552122793419,0.8185714285714287,0.009077332162242041,0.867840345700824,0.007109165579120781,0.15281989859064957,0.03189696124028637,0.32593984962406014,0.07250015134831085,0.2079966862004845,0.044189840573290715,0.1643781008340282,0.03606367548465958
lr,single,38,low_plus_medium,"{""C"": 0.012579463195727721, ""class_weight"": null, ""max_iter"": 1500, ""solver"": ""lbfgs""}",-0.48324694092575454,0.9085015470752908,0.0007218181060212776,0.9085015470752908,0.0007218181060212776,1.0,0.0,0.9520572885058867,0.0003964056710414503,0.0,0.0,0.0,0.0,0.0,0.0,0.16753059074245463,0.0334123513983221
lr,single,39,low_plus_medium,"{""C"": 0.1257538671271875, ""class_weight"": {""0"": 3.5, ""1"": 1.0}, ""max_iter"": 3000, ""solver"": ""lbfgs""}",0.020459494681030463,0.7946041802605822,0.021235737446014855,0.9210981839368813,0.0023251408714818574,0.8464285714285713,0.02492335188909701,0.8819997946856034,0.013726302513786627,0.15746439571686507,0.017790639993878508,0.28032581453634087,0.022844683705859632,0.2005558619155523,0.014682135986457562,0.17034282952151011,0.019069653083004495
lr,single,40,low_plus_medium,"{""C"": 0.016899512864954967, ""class_weight"": {""0"": 4.0, ""1"": 1.0}, ""max_iter"": 1000, ""solver"": ""lbfgs""}",0.22393054116419553,0.8776763350102087,0.007523306311748561,0.9193939475012861,0.004159185399575554,0.9485714285714286,0.010738068841694943,0.933706779422055,0.004455870038103839,0.2530722832160936,0.04086216000185723,0.17412280701754385,0.04526282136556579,0.2043402434268718,0.041252210913732976,0.19590297737323747,0.025693078039765192
lr,two-stage,1,low_plus_medium,"{""C"": 0.2708944815194587, ""class_weight"": ""balanced"", ""max_iter"": 1500, ""solver"": ""lbfgs""}",-0.21470310280051433,0.6810514849817929,0.014991369363542933,0.9336241855173502,0.008868249758369431,0.6985714285714286,0.011031032293914653,0.7991531451549971,0.010021670854561397,0.14507298460408466,0.019126595853875085,0.5072681704260652,0.0632606848427189,0.22559737878253922,0.029315161078819416,0.1491408694314896,0.02167242942887302
lr,two-stage,2,low_plus_medium,"{""C"": 0.09913148305922269, ""class_weight"": ""balanced"", ""max_iter"": 1000, ""solver"": ""lbfgs""}",-0.2609574110447729,0.6781315119240564,0.024288677923866235,0.9292244372089129,0.008710553035369103,0.6992857142857142,0.03391164991562635,0.7974175930924794,0.01989101141208271,0.13472528094533423,0.012152722466200047,0.4677944862155389,0.08850046019769854,0.2086697144464616,0.02251776486036169,0.17296648297317102,0.027855003709315672
lr,two-stage,3,low_plus_medium,"{""C"": 0.008098331288264234, ""class_weight"": ""balanced"", ""max_iter"": 3000, ""solver"": ""lbfgs""}",-0.3210715228675376,0.6658270011997727,0.04331310181901514,0.9247077991575253,0.007552225954978124,0.6882142857142857,0.05149053806481419,0.7879968039423585,0.035362328457971305,0.1258037575032554,0.018650037886265885,0.4429197994987469,0.07747472831869581,0.19530128317373513,0.02815394596075613,0.17463797801043376,0.02776962853751516
lr,two-stage,4,low_plus_medium,"{""C"": 0.1729115575016719, ""class_weight"": ""balanced"", ""max_iter"": 1500, ""solver"": ""lbfgs""}",-0.22103893553663465,0.6846255446336484,0.010736762443760836,0.9322392726874092,0.009405616227135262,0.7042857142857144,0.01850951217121418,0.8021471224814531,0.009426254527317237,0.14185185117182958,0.015495920815741629,0.4890977443609022,0.08702157169339,0.21970799120493473,0.027208265745597784,0.1537235606155977,0.02104259204076227
lr,two-stage,5,low_plus_medium,"{""C"": 0.03693740064707192, ""class_weight"": ""balanced"", ""max_iter"": 1500, ""solver"": ""lbfgs""}",-0.1863005465396366,0.7014918226020332,0.0454537271135464,0.927940387598414,0.005026614396099947,0.7278571428571429,0.05228942219483197,0.8148164853131188,0.03394071242370339,0.14281625656035357,0.019860350253364176,0.4398496240601504,0.04252858492739071,0.21443552392190762,0.02254592827939098,0.19239642933505324,0.049331332471895785
lr,two-stage,6,low_plus_medium,"{""C"": 0.05886704427013243, ""class_weight"": {""0"": 4.5, ""1"": 1.0}, ""max_iter"": 2000, ""solver"": ""lbfgs""}",0.053669376948833725,0.791367425119451,0.024116110349088254,0.9237819046394511,0.00862924064926198,0.839642857142857,0.025137377649668242,0.879524389893065,0.015177616322457423,0.16591432289456626,0.03980175606028551,0.31228070175438594,0.07784628181673806,0.21552637995695356,0.049422538299302154,0.20622339516562455,0.05039687876870333
lr,two-stage,7,low_plus_medium,"{""C"": 0.030018549510047628, ""class_weight"": ""balanced"", ""max_iter"": 2000, ""solver"": ""lbfgs""}",-0.30638781781606883,0.6700346250184175,0.031866284577823846,0.9256741016436137,0.005633445782000146,0.6925,0.039695910445818605,0.7916053551400818,0.02512107561161594,0.12771557945182233,0.0100819850462508,0.44636591478696747,0.06524641602939485,0.19805883978901082,0.0165657091195908,0.16195143728529518,0.04504793425932498
lr,two-stage,8,low_plus_medium,"{""C"": 0.018553466791050546, ""class_weight"": ""balanced"", ""max_iter"": 1500, ""solver"": ""lbfgs""}",-0.2095154194313166,0.6959812877560041,0.03490038680752769,0.9278098752547695,0.009105818582305922,0.7214285714285714,0.03851517061297975,0.8111828163141924,0.025884573599375262,0.13939100136104746,0.0222731915838324,0.4434837092731829,0.06985824977563092,0.2115359166472774,0.032156880379150696,0.18508585006779127,0.031720323380815936
lr,two-stage,9,low_plus_medium,"{""C"": 0.151775958036994, ""class_weight"": ""balanced"", ""max_iter"": 1500, ""solver"": ""lbfgs""}",-0.2247668505458613,0.6752194321076006,0.029326255235379267,0.9337396743295792,0.007448619487992855,0.6914285714285715,0.029610567611677324,0.7942562377813142,0.021265893841427703,0.14506839439535563,0.021846544517712122,0.5142230576441102,0.046587899142701054,0.22602139700085555,0.03013241967961123,0.16101902249692843,0.027022597795271257
lr,two-stage,10,low_plus_medium,"{""C"": 0.3195452190992881, ""class_weight"": ""balanced"", ""max_iter"": 2000, ""solver"": ""lbfgs""}",-0.21190295973914378,0.6894930434233514,0.01369822786304915,0.9314114913231123,0.006603103592102664,0.7107142857142856,0.020671137326411123,0.8059905506220673,0.011375167129127315,0.1422675058645197,0.009683048142374811,0.4786340852130325,0.06613686775049345,0.21910287636553072,0.01816346885604505,0.1433931238732346,0.02276948405031443
lr,two-stage,11,low_plus_medium,"{""C"": 0.06733322354192327, ""class_weight"": {""0"": 4.5, ""1"": 1.0}, ""max_iter"": 2000, ""solver"": ""lbfgs""}",0.05887837095566914,0.7913790018733293,0.02074865860802837,0.9240325892039181,0.007698665936175641,0.8392857142857142,0.017459866516543326,0.879578103167988,0.012690151470991496,0.16739339521119184,0.04055981499676788,0.31604010025062657,0.05880298274925063,0.2186103261165932,0.04828101094536622,0.19026553064437657,0.027788405909301886
lr,two-stage,12,low_plus_medium,"{""C"": 0.07727588489061839, ""class_weight"": {""0"": 4.5, ""1"": 1.0}, ""max_iter"": 2000, ""solver"": ""lbfgs""}",0.016692813932857153,0.7803384621861122,0.02284372196088179,0.9240454470048602,0.006663439810349729,0.8260714285714286,0.02324448585038994,0.8721771680753247,0.014617618386676107,0.1610927381510091,0.030560731110510452,0.3265664160401003,0.05136109799421091,0.21510957894524507,0.03652655723732851,0.18174465237864773,0.01777261534947982
lr,two-stage,13,low_plus_medium,"{""C"": 0.0626001908411051, ""class_weight"": {""0"": 4.5, ""1"": 1.0}, ""max_iter"": 2000, ""solver"": ""lbfgs""}",0.10176825021085337,0.8007882716958893,0.019190876943530815,0.924979407718838,0.006287304010547013,0.8496428571428571,0.021110738151616643,0.8855779200033579,0.012192721351948054,0.17507737442843363,0.031750403021662106,0.3154135338345864,0.06397712555097418,0.22437148502811977,0.04108691278693131,0.18126785719870922,0.02334675320158863
lr,two-stage,14,low_plus_medium,"{""C"": 0.015168879739165763, ""class_weight"": {""0"": 2.0, ""1"": 1.0}, ""max_iter"": 2000, ""solver"": ""lbfgs""}",0.1014389405669151,0.9020159338230652,0.008690835500427952,0.9116660387097507,0.002659898663505793,0.9878571428571428,0.008777289805317525,0.948217740855483,0.004803234870728548,0.38416666666666666,0.19962464777677127,0.04974937343358397,0.0237495948070099,0.08470903253844751,0.03651290833020347,0.16729908028467594,0.029307866953807313
lr,two-stage,15,low_plus_medium,"{""C"": 0.0050643879833727696, ""class_weight"": {""0"": 2.0, ""1"": 1.0}, ""max_iter"": 1000, ""solver"": ""lbfgs""}",-0.48196892311298284,0.9068802753162558,0.002955532543928678,0.9083514187113819,0.0008682467775939983,0.9982142857142857,0.002766416675862431,0.9511639298195289,0.0016289007197758808,0.0,0.0,0.0,0.0,0.0,0.0,0.18031076887017186,0.029987198710707413
lr,two-stage,16,low_plus_medium,"{""C"": 0.014393635062035922, ""class_weight"": {""0"": 2.5, ""1"": 1.0}, ""max_iter"": 3000, ""solver"": ""lbfgs""}",0.13888492605587294,0.8679723841798396,0.04144875962174112,0.9141451895768992,0.0040788727392689255,0.9432142857142857,0.04960815847978136,0.9278084640955416,0.024904059111766425,0.19422127872127873,0.1492572622106691,0.12030075187969924,0.06544695417592564,0.13523628111993125,0.07277929569695354,0.1809544813274489,0.028818280637979244
lr,two-stage,17,low_plus_medium,"{""C"": 0.019015061382052268, ""class_weight"": {""0"": 6.0, ""1"": 1.0}, ""max_iter"": 3000, ""solver"": ""lbfgs""}",-0.13715561188891673,0.7449641120629775,0.025627606294161668,0.9217423650092916,0.0072666215451638195,0.7860714285714286,0.029567460051170294,0.8482114282833395,0.01746868168944748,0.13778146478263914,0.02707736443828595,0.3369674185463659,0.06885580067740546,0.19476517881843478,0.03581616291266751,0.1369732321009557,0.033226736760480644
lr,two-stage,18,low_plus_medium,"{""C"": 0.010010096017955251, ""class_weight"": {""0"": 3.0, ""1"": 1.0}, ""max_iter"": 3000, ""solver"": ""lbfgs""}",0.18540827545220426,0.8536803553011009,0.04860488021276774,0.9163053333061535,0.004978594465481011,0.9232142857142855,0.05764290139846061,0.9188621364385648,0.029610950077322146,0.22413347831450778,0.08031728254570038,0.16296992481203004,0.06863531042143507,0.16811291849266535,0.049358655322476595,0.17295356959538902,0.014925466021624863
lr,two-stage,19,low_plus_medium,"{""C"": 0.009496710499028529, ""class_weight"": {""0"": 3.0, ""1"": 1.0}, ""max_iter"": 3000, ""solver"": ""lbfgs""}",0.20808036755334275,0.8740985918457556,0.01663400072514569,0.918197123798597,0.003404539397794713,0.9457142857142857,0.020534937873521505,0.9316316070622847,0.009772999180631618,0.24520114942528734,0.051680487470524665,0.16328320802005014,0.041664263974292404,0.1905411399210764,0.036557862856157176,0.17539227632266352,0.017505234029805382
lr,two-stage,20,low_plus_medium,"{""C"": 0.0073468663487702215, ""class_weight"": {""0"": 3.0, ""1"": 1.0}, ""max_iter"": 3000, ""solver"": ""lbfgs""}",0.17347311257957418,0.8922714643541223,0.018184636612601137,0.9155100344852567,0.003765283446810748,0.9710714285714286,0.02182373731064598,0.9423446290483524,0.010487026840446173,0.3124025974025974,0.13051347864413884,0.11002506265664161,0.047006430678123226,0.15502553142557346,0.06111108213627006,0.18447581154000725,0.045722971783569724
lr,two-stage,21,low_plus_medium,"{""C"": 0.010055104974657253, ""class_weight"": {""0"": 3.5, ""1"": 1.0}, ""max_iter"": 3000, ""solver"": ""lbfgs""}",0.11996850059037281,0.8267407228104149,0.008448648589179476,0.9203199544060989,0.0048067788538518775,0.8860714285714286,0.012697420596165127,0.9027974624450141,0.005495419925243062,0.17176857612695745,0.023776940740429527,0.23759398496240597,0.0563358126163284,0.19862724760557282,0.03462881702755499,0.1843836704657657,0.044717934333003334
lr,two-stage,22,low_plus_medium,"{""C"": 0.005642586029432324, ""class_weight"": {""0"": 3.0, ""1"": 1.0}, ""max_iter"": 3000, ""solver"": ""lbfgs""}",0.12471120936379226,0.8964938222231578,0.007454533227282333,0.9125401308870323,0.0020093003508474686,0.9800000000000001,0.00840614449709989,0.9450501600192915,0.004150406109765047,0.2826373626373626,0.10694210553152128,0.0674812030075188,0.017806616289909837,0.10650743707093821,0.02669843934307894,0.18203772292854054,0.03495343471167659
lr,two-stage,23,low_plus_medium,"{""C"": 0.00857928043408893, ""class_weight"": {""0"": 3.5, ""1"": 1.0}, ""max_iter"": 3000, ""solver"": ""lbfgs""}",0.20911197037495038,0.8390368140773325,0.03944023100652258,0.9181778834164082,0.004365477380778722,0.9032142857142856,0.04395034303690048,0.9101643339447001,0.023737464254645537,0.2063546908090792,0.09017182521011824,0.2020676691729323,0.03582294511149352,0.1937970815109194,0.04897730212296184,0.17241260709365835,0.0328340987877757
lr,two-stage,24,low_plus_medium,"{""C"": 0.0112100458373285, ""class_weight"": {""0"": 3.5, ""1"": 1.0}, ""max_iter"": 3000, ""solver"": ""lbfgs""}",0.09207909547652586,0.8134106169357385,0.03757804439171519,0.9192326967437887,0.004852057099673526,0.8710714285714285,0.04206712323350453,0.894044439717188,0.023319495374620032,0.17309381131706478,0.05510740930873463,0.2412907268170426,0.03763176881550035,0.19593171534348003,0.03684774753096073,0.16591617968906933,0.02215281034332593
lr,two-stage,25,low_plus_medium,"{""C"": 0.02757983053272859, ""class_weight"": {""0"": 3.5, ""1"": 1.0}, ""max_iter"": 3000, ""solver"": ""lbfgs""}",-0.09990129387706176,0.771251762823886,0.02284350655832762,0.9188594879930975,0.004939865391828329,0.8207142857142857,0.027142857142857135,0.8667734558044888,0.015414604006308839,0.13642837935499413,0.020149627345051636,0.2800751879699248,0.053381473011890695,0.18271295355822342,0.027679211269111145,0.1381127852945751,0.016551925289273198
lr,two-stage,26,low_plus_medium,"{""C"": 0.00773207027473536, ""class_weight"": {""0"": 3.0, ""1"": 1.0}, ""max_iter"": 3000, ""solver"": ""lbfgs""}",0.16127935357588652,0.874450104190785,0.03236568949728534,0.9140704438243489,0.0041879394975713365,0.9510714285714285,0.03529395508165843,0.9319350023923139,0.01911149809854367,0.22999665831244775,0.0749631305652212,0.11328320802005012,0.031990863820689795,0.14540623535567923,0.04045885626711692,0.158731182202073,0.012685782884594503
lr,two-stage,27,low_plus_medium,"{""C"": 0.012220046930776036, ""class_weight"": {""0"": 2.5, ""1"": 1.0}, ""max_iter"": 3000, ""solver"": ""lbfgs""}",0.1341014223076913,0.88805331621377,0.01591301911724739,0.9131992347901183,0.0030372787069998315,0.9689285714285715,0.020689640511371756,0.9401131377070147,0.009274880087729784,0.233731485905399,0.06896497968269316,0.08533834586466164,0.04158277306209654,0.11772013153087321,0.04515433465774724,0.1638129077681807,0.01857996802220673
lr,two-stage,28,low_plus_medium,"{""C"": 0.021552781494315682, ""class_weight"": {""0"": 4.0, ""1"": 1.0}, ""max_iter"": 1000, ""solver"": ""lbfgs""}",0.24839901280965251,0.8770264581447726,0.008385329916133286,0.9216778582798861,0.0034265838260001684,0.945,0.01279748061940637,0.9331293502685158,0.005060682659933807,0.27258270676691726,0.02539241904350587,0.20238095238095238,0.04109673912179571,0.2294555755112294,0.026359254295028195,0.1894343729842312,0.022627578018691533
lr,two-stage,29,low_plus_medium,"{""C"": 0.023098057069961157, ""class_weight"": {""0"": 4.0, ""1"": 1.0}, ""max_iter"": 1000, ""solver"": ""lbfgs""}",0.2119123783446439,0.867937653918205,0.022040098644572077,0.9181633608738713,0.0032676444704190562,0.9382142857142858,0.02367940636321537,0.9279568377166137,0.01300880661309279,0.23210204999678682,0.06129604775615804,0.17023809523809522,0.02433111569440929,0.1940231302122095,0.03766824159378024,0.17889248132434413,0.01838824401444606
lr,two-stage,30,low_plus_medium,"{""C"": 0.4687917568082248, ""class_weight"": {""0"": 4.0, ""1"": 1.0}, ""max_iter"": 1000, ""solver"": ""lbfgs""}",-0.11279872730896953,0.7537324506935528,0.012931474981931626,0.9223632814196098,0.00833870108209355,0.7960714285714285,0.016955824957813156,0.85443064618681,0.008955956846003138,0.14005879894198253,0.02448071647205037,0.3337719298245614,0.08067139328324952,0.1969494650975653,0.03821260388113827,0.12639908851403261,0.013308711234811999
lr,two-stage,31,low_plus_medium,"{""C"": 0.04111362742856432, ""class_weight"": {""0"": 5.0, ""1"": 1.0}, ""max_iter"": 1000, ""solver"": ""lbfgs""}",0.12540813409931706,0.804674377486371,0.014864584951921661,0.9257866067336751,0.006882944898875982,0.8535714285714286,0.021068401719646586,0.888020745328659,0.009850963159288146,0.17879725653470988,0.020756799945317008,0.3194862155388471,0.07519172922932801,0.22795365426425937,0.03471976065301344,0.21112583525540884,0.043347473738592525
lr,two-stage,32,low_plus_medium,"{""C"": 0.02302827424073742, ""class_weight"": {""0"": 4.0, ""1"": 1.0}, ""max_iter"": 1000, ""solver"": ""lbfgs""}",0.2586132346313626,0.8783246332273885,0.006587591881671143,0.9223467944048009,0.0040520432726275585,0.9457142857142855,0.006546536707079748,0.933867534253707,0.0036831961861224305,0.2786787977314293,0.047963310862773056,0.2092731829573935,0.043914662955582065,0.23835762759413334,0.04501800279374612,0.20255607037229248,0.013218193925611244
lr,two-stage,33,low_plus_medium,"{""C"": 0.022939418212170912, ""class_weight"": {""0"": 4.0, ""1"": 1.0}, ""max_iter"": 1000, ""solver"": ""lbfgs""}",0.24946098554093157,0.8663100675661454,0.015052266520061319,0.9226232570678091,0.005376980863945799,0.9310714285714287,0.02174175893603488,0.9266496745075138,0.009192517647476068,0.24800346779657123,0.043912766110413885,0.2235588972431078,0.0699525977618492,0.22989603353613425,0.05090500311367861,0.19564952004797323,0.028712249042918487
lr,two-stage,34,low_plus_medium,"{""C"": 0.024398262898449936, ""class_weight"": {""0"": 4.0, ""1"": 1.0}, ""max_iter"": 1000, ""solver"": ""lbfgs""}",0.2564486605296698,0.8741154307604875,0.015213370204097776,0.9222538185094429,0.0025049351191303573,0.9407142857142858,0.01665220460982109,0.9313291991111685,0.008842759657621307,0.27670815801067905,0.06574404198235603,0.21259398496240603,0.028379793065544452,0.23743479839731205,0.03377025926107936,0.19013862132357762,0.019976378776654296
lr,two-stage,35,low_plus_medium,"{""C"": 0.03790231048025827, ""class_weight"": {""0"": 5.0, ""1"": 1.0}, ""max_iter"": 1000, ""solver"": ""lbfgs""}",0.21831730901232266,0.8215569681534026,0.0292062904909903,0.9247611798319835,0.005324896926385294,0.874642857142857,0.03077237032648288,0.8987802559955517,0.01777832962108461,0.20158717750181165,0.06725592514989823,0.29411027568922304,0.04713903629860459,0.23597500198442384,0.05470510088777627,0.192283707210935,0.047329729175061716
lr,two-stage,36,low_plus_medium,"{""C"": 0.023955503449852575, ""class_weight"": {""0"": 4.0, ""1"": 1.0}, ""max_iter"": 1000, ""solver"": ""lbfgs""}",0.260857376821967,0.8744316866277968,0.011232078582725648,0.9225827579672996,0.0021777056084179556,0.9407142857142856,0.01192022804877048,0.9315287765368598,0.006503591913408824,0.2747195540488223,0.04643069907073287,0.21641604010025062,0.014717510294353094,0.24088796809046195,0.024241310586926638,0.19969408731505064,0.0421475978278083
lr,two-stage,37,low_plus_medium,"{""C"": 0.028662931704352062, ""class_weight"": {""0"": 5.0, ""1"": 1.0}, ""max_iter"": 1000, ""solver"": ""lbfgs""}",0.27253905785186383,0.8410095981813971,0.008568687966598373,0.9268943355754213,0.004448331061085373,0.8957142857142857,0.012906650713994756,0.9109635491307444,0.005444840019190646,0.2224063870304443,0.026161362848972473,0.2975563909774436,0.05692534339387466,0.25349872478381635,0.035017306648453504,0.19040333068047458,0.030118822543517956
lr,two-stage,38,low_plus_medium,"{""C"": 0.048086700659169944, ""class_weight"": ""balanced"", ""max_iter"": 1000, ""solver"": ""lbfgs""}",-0.18588178008511053,0.6979261824075439,0.016172158586178043,0.9311049980529822,0.006962867872844252,0.7210714285714286,0.024520919848245528,0.812403735029821,0.013448164048995057,0.14374893578991269,0.011777660978281757,0.4677944862155389,0.0753844029690738,0.2195693788213199,0.021520204711101505,0.19324136803700007,0.04951989332201745
lr,two-stage,39,low_plus_medium,"{""C"": 0.029561976331086415, ""class_weight"": {""0"": 5.5, ""1"": 1.0}, ""max_iter"": 1000, ""solver"": ""lbfgs""}",0.24198866908019223,0.8280325833000063,0.016670394030085644,0.9263702596541888,0.004135739053263206,0.8807142857142857,0.018398924103416082,0.9028723321710903,0.010249737267081543,0.20743860926433305,0.032580426729684114,0.30507518796992483,0.03887257634536439,0.24582448613903374,0.031045351154656,0.20099016341145876,0.0242485257591459
lr,two-stage,40,low_plus_medium,"{""C"": 0.0967106484303236, ""class_weight"": ""balanced"", ""max_iter"": 1000, ""solver"": ""lbfgs""}",-0.2435854809649823,0.6820134079858553,0.02280297855401221,0.9301757945757899,0.010495993866495135,0.7032142857142858,0.03354862447376393,0.8002711455033911,0.019384072540413303,0.1368548960483456,0.015533533027259565,0.4720551378446115,0.10175743387165775,0.2116020607176993,0.02768647826914432,0.1864840222474374,0.04875452760982429
rf,single,1,low_plus_medium,"{""class_weight"": ""balanced"", ""max_depth"": null, ""max_features"": ""log2"", ""min_samples_leaf"": 3, ""min_samples_split"": 5, ""n_estimators"": 475}",0.20695748689611929,0.8734555557894292,0.00812897665119549,0.9181341479805274,0.0028253357501283006,0.945,0.010618620533798917,0.9313349250923582,0.004791623586060305,0.2311843711843712,0.03910745876247309,0.16315789473684209,0.0345137443310316,0.18990476416622426,0.03220498806982904,0.17052722729895017,0.023915001898050077
rf,single,2,low_plus_medium,"{""class_weight"": ""balanced"", ""max_depth"": 16, ""max_features"": ""log2"", ""min_samples_leaf"": 6, ""min_samples_split"": 4, ""n_estimators"": 275}",0.23724457530106804,0.8614499358016376,0.012169971545470852,0.9222800324666073,0.007314675794526831,0.9257142857142856,0.020472729497095027,0.9237997208670669,0.007755835027845416,0.2246345353405687,0.049380520134850545,0.2235588972431078,0.09200431786095499,0.21997105113688414,0.06844755699114835,0.17273524164183904,0.027101539441631867
rf,single,3,low_plus_medium,"{""class_weight"": ""balanced"", ""max_depth"": 10, ""max_features"": ""sqrt"", ""min_samples_leaf"": 4, ""min_samples_split"": 3, ""n_estimators"": 300}",0.1833109300935494,0.8659969689953483,0.007210988143454667,0.9172343866599026,0.004689964813712549,0.9371428571428572,0.012494896917525635,0.9270101562137574,0.004467812624753804,0.1967226567226567,0.03714648371955986,0.15964912280701754,0.059851229811836444,0.17416415860639362,0.0521747012250442,0.17340129680514052,0.021574095442102176
rf,single,4,low_plus_medium,"{""class_weight"": {""0"": 3.0, ""1"": 1.0}, ""max_depth"": 16, ""max_features"": ""sqrt"", ""min_samples_leaf"": 5, ""min_samples_split"": 3, ""n_estimators"": 675}",-0.08630465046516211,0.8893588583215811,0.003718054813788481,0.9099802551056649,0.0014649511806166247,0.9746428571428571,0.006123724356957924,0.9411882657993476,0.002219690729619942,0.1327263316393751,0.0430800128419858,0.04248120300751879,0.023967782965053797,0.0635773913742794,0.03262605390561948,0.18302129062120717,0.026145847835929735
rf,single,5,low_plus_medium,"{""class_weight"": ""balanced"", ""max_depth"": null, ""max_features"": ""log2"", ""min_samples_leaf"": 5, ""min_samples_split"": 6, ""n_estimators"": 525}",0.22595067350378975,0.8695673451346062,0.0045971468412436545,0.9201542802337354,0.0031459197244961138,0.9378571428571428,0.009408528480228174,0.9288795362188127,0.0030094119476601,0.23317280128425638,0.021976312344901418,0.1911654135338346,0.048109693640883945,0.20861207598531123,0.03865824386039081,0.17338597518478532,0.008589058186031503
rf,single,6,low_plus_medium,"{""class_weight"": ""balanced"", ""max_depth"": 14, ""max_features"": ""sqrt"", ""min_samples_leaf"": 3, ""min_samples_split"": 12, ""n_estimators"": 525}",0.03958275958478577,0.8650239954534931,0.01208851459468156,0.9127372941204541,0.0015562509788839233,0.9414285714285715,0.01398796859111869,0.9268129039100252,0.007108118369526841,0.158796046720575,0.03434575765987446,0.10632832080200501,0.01918316761215893,0.12593064224777778,0.019932087954082377,0.1666200053557048,0.021315031324330658
rf,single,7,low_plus_medium,"{""class_weight"": {""0"": 2.0, ""1"": 1.0}, ""max_depth"": 10, ""max_features"": ""log2"", ""min_samples_leaf"": 4, ""min_samples_split"": 4, ""n_estimators"": 325}",-0.30736327844345357,0.906229346018649,0.001909885025565435,0.9085604365218775,0.001018012496241304,0.9971428571428571,0.0024222607082590155,0.9507907073742962,0.0010422089132854546,0.06666666666666667,0.13333333333333333,0.0035714285714285713,0.007142857142857143,0.006779661016949152,0.013559322033898305,0.1919039387293066,0.03325760978016557
rf,single,8,low_plus_medium,"{""class_weight"": {""0"": 4.0, ""1"": 1.0}, ""max_depth"": 8, ""max_features"": ""sqrt"", ""min_samples_leaf"": 6, ""min_samples_split"": 3, ""n_estimators"": 550}",-0.16093742346295334,0.8857905870466649,0.004118967425001215,0.9093813718503247,0.002849449016389246,0.9710714285714286,0.00569192051803899,0.9392000518627217,0.0023596405614787074,0.10580086580086581,0.07095796697053487,0.03916040100250627,0.030738175931181392,0.0567484422336743,0.04264694714467648,0.1781196980120785,0.020122481729325212
rf,single,9,low_plus_medium,"{""class_weight"": ""balanced"", ""max_depth"": 16, ""max_features"": ""sqrt"", ""min_samples_leaf"": 6, ""min_samples_split"": 5, ""n_estimators"": 650}",0.13942440321917077,0.8627528468290219,0.009080359275618831,0.9166806469394515,0.006747162019312733,0.9339285714285713,0.013170777796132708,0.9251395465332897,0.005378428877415196,0.18304674534390558,0.060477934523448455,0.156328320802005,0.07784265071031984,0.16641550133925934,0.06999905403120972,0.15392038520147508,0.012775547354101432
rf,single,10,low_plus_medium,"{""class_weight"": ""balanced"", ""max_depth"": 14, ""max_features"": ""sqrt"", ""min_samples_leaf"": 6, ""min_samples_split"": 12, ""n_estimators"": 275}",0.18160143429850298,0.8666442147803574,0.01496533331143337,0.9157350799952031,0.002720466867275283,0.939642857142857,0.014957422565265667,0.9274945677910733,0.008612858345160509,0.2010616169544741,0.05856149974625292,0.14172932330827065,0.021721712120187548,0.16496992136827804,0.033684925772838915,0.1663151293022493,0.02683852475758763
rf,single,11,low_plus_medium,"{""class_weight"": {""0"": 6.0, ""1"": 1.0}, ""max_depth"": 12, ""max_features"": ""log2"", ""min_samples_leaf"": 5, ""min_samples_split"": 9, ""n_estimators"": 400}",0.18774541364818495,0.8844887284514513,0.0024704752963524987,0.9165311867402066,0.003266913611214967,0.9603571428571429,0.006906814144933473,0.9379055247602605,0.0016106979112925383,0.24551374904316084,0.026038533960949496,0.13145363408521302,0.03727654196375043,0.16968144633560986,0.038372241136652274,0.180639673125751,0.02365061692220762
rf,single,12,low_plus_medium,"{""class_weight"": ""balanced"", ""max_depth"": null, ""max_features"": ""log2"", ""min_samples_leaf"": 5, ""min_samples_split"": 8, ""n_estimators"": 425}",0.23137299053370697,0.8711928266223243,0.01096945008001318,0.9202696822958514,0.006627302595848109,0.9396428571428572,0.006527023886606071,0.9298472618241085,0.005980010279414741,0.2412279840146372,0.07811647984928097,0.19191729323308268,0.06394895354199678,0.21347238495169366,0.06969099043226322,0.17900605582013326,0.025792437183339956
rf,single,13,low_plus_medium,"{""class_weight"": ""balanced"", ""max_depth"": 16, ""max_features"": ""log2"", ""min_samples_leaf"": 6, ""min_samples_split"": 8, ""n_estimators"": 400}",0.2497270488084734,0.8611278915573891,0.012859474166483295,0.9226799320479044,0.005802180406884616,0.9246428571428572,0.01202675588605909,0.9236232596930438,0.007376546933163639,0.23612344644602706,0.05456334837482806,0.2302005012531328,0.06314328559604411,0.23210154423656776,0.05744117044274787,0.1762550457190565,0.02998052804943213
rf,single,14,low_plus_medium,"{""class_weight"": ""balanced"", ""max_depth"": 16, ""max_features"": ""log2"", ""min_samples_leaf"": 6, ""min_samples_split"": 10, ""n_estimators"": 375}",0.2629414987169258,0.8637316087478162,0.012278056880330466,0.9237955172467739,0.0026520145862323125,0.9264285714285714,0.014436702093862656,0.9250530327697086,0.0073166613581124775,0.2521371610845295,0.029440697656301522,0.24116541353383453,0.029172975393779204,0.2446118478254177,0.02073072344489985,0.18329650891508092,0.01838093066185767
rf,single,15,low_plus_medium,"{""class_weight"": ""balanced"", ""max_depth"": 16, ""max_features"": ""log2"", ""min_samples_leaf"": 6, ""min_samples_split"": 10, ""n_estimators"": 375}",0.21326099252033145,0.855926245553474,0.031412877091780825,0.9185609749950862,0.004160936535959538,0.9232142857142858,0.035283111529224205,0.9205715815773114,0.01910977656547931,0.21368593408370268,0.06407446789209637,0.18784461152882206,0.042637188576252,0.1957022779609663,0.04836781479538678,0.17558714559365177,0.026195172801843344
rf,single,16,low_plus_medium,"{""class_weight"": ""balanced"", ""max_depth"": 16, ""max_features"": ""log2"", ""min_samples_leaf"": 6, ""min_samples_split"": 10, ""n_estimators"": 350}",0.24694534542338578,0.8685970026731777,0.009549054917706181,0.9217982042064674,0.00332314863027071,0.9346428571428571,0.00893571143085487,0.9281604589593145,0.005519001919516819,0.2490415141396723,0.036421435650815834,0.2129699248120301,0.026640790581187457,0.22915699753354163,0.02996830640910284,0.17788347889844144,0.020808995024831717
rf,single,17,low_plus_medium,"{""class_weight"": ""balanced"", ""max_depth"": 12, ""max_features"": ""log2"", ""min_samples_leaf"": 4, ""min_samples_split"": 7, ""n_estimators"": 450}",0.21296645682305984,0.8666394788355889,0.007797487922087868,0.9186908842857633,0.004009876250932715,0.9360714285714286,0.006527023886606071,0.9272884480520744,0.004306608882646176,0.2180316379907985,0.055057670154680834,0.1771303258145363,0.045459369003396824,0.19512436192315694,0.04917734509384948,0.17842094899902916,0.04632234660693532
rf,single,18,low_plus_medium,"{""class_weight"": ""balanced"", ""max_depth"": 8, ""max_features"": ""log2"", ""min_samples_leaf"": 5, ""min_samples_split"": 10, ""n_estimators"": 575}",0.23002833988157775,0.8676129785935297,0.00732260580086324,0.9202461218078988,0.00301566902214376,0.935357142857143,0.007525466966323358,0.9277239744233251,0.00415142385354086,0.23363083571445437,0.04232577623629434,0.19479949874686714,0.037423065932420105,0.21187837344200305,0.037887702037215795,0.18149966439574688,0.023787434390390823
rf,single,19,low_plus_medium,"{""class_weight"": {""0"": 6.0, ""1"": 1.0}, ""max_depth"": 16, ""max_features"": ""log2"", ""min_samples_leaf"": 6, ""min_samples_split"": 8, ""n_estimators"": 375}",0.1576395866730953,0.8812419752046982,0.005259374749184186,0.9142361384362848,0.002650920317520748,0.9592857142857143,0.005578749768504733,0.9362088927866692,0.0028971821608309704,0.20736628962435413,0.053209900942870224,0.106203007518797,0.03462310996966416,0.13981474365078558,0.041400287784466354,0.17824843022309722,0.020823822424680248
rf,single,20,low_plus_medium,"{""class_weight"": ""balanced"", ""max_depth"": 16, ""max_features"": ""log2"", ""min_samples_leaf"": 5, ""min_samples_split"": 11, ""n_estimators"": 425}",0.2166030585342427,0.8578732450693554,0.021047753735749426,0.9197940646536953,0.003750699636024781,0.9242857142857144,0.028629405462615814,0.9217606437192792,0.01301874596442609,0.2142174977899512,0.02570747429930819,0.1988721804511278,0.0576704609054092,0.20036892563246314,0.02938610224197667,0.16234132901779558,0.014483156708597962
rf,single,21,low_plus_medium,"{""class_weight"": ""balanced"", ""max_depth"": 16, ""max_features"": ""log2"", ""min_samples_leaf"": 6, ""min_samples_split"": 7, ""n_estimators"": 250}",0.23673619028722187,0.8676250815634934,0.011507800429538678,0.9211884036064439,0.0033020868179864586,0.9342857142857144,0.016993396076243297,0.9275849628532592,0.007172702267163646,0.24034100819815105,0.014622264073975027,0.2055137844611529,0.04979054879572743,0.21856303019705708,0.026999425622813888,0.181731600901648,0.02219072519275183
rf,single,22,low_plus_medium,"{""class_weight"": ""balanced"", ""max_depth"": 16, ""max_features"": ""log2"", ""min_samples_leaf"": 6, ""min_samples_split"": 9, ""n_estimators"": 350}",0.24338559169822085,0.850745648192974,0.018610756951539263,0.9227782717917667,0.005134492057630544,0.9121428571428571,0.02439053011280553,0.9172267789938738,0.011465001910572935,0.22003484456972827,0.038569925679854324,0.2408521303258145,0.0672248827959501,0.22596830759330758,0.03974037561382634,0.1741728410491328,0.03496217602079634
rf,single,23,low_plus_medium,"{""class_weight"": ""balanced"", ""max_depth"": 16, ""max_features"": ""log2"", ""min_samples_leaf"": 6, ""min_samples_split"": 10, ""n_estimators"": 325}",0.2435055003575552,0.8588546380685764,0.008325058052596965,0.921864394930943,0.003152224988293701,0.9228571428571429,0.007089083300456883,0.922352103492865,0.004728728452556245,0.2268883094306823,0.038236071327370794,0.2233082706766917,0.031923789477770546,0.22489016752884822,0.034588547409185946,0.1861533282870697,0.024135144940667805
rf,single,24,low_plus_medium,"{""class_weight"": ""balanced"", ""max_depth"": 16, ""max_features"": ""log2"", ""min_samples_leaf"": 6, ""min_samples_split"": 9, ""n_estimators"": 375}",0.2237708418009491,0.8601580753120462,0.016458650204406806,0.9198898894040617,0.00420599176189493,0.9267857142857142,0.01831554486422581,0.9232373517006657,0.009772087466631541,0.21943999831070382,0.054948587977263645,0.19849624060150375,0.04668849043771001,0.2062827816965093,0.045053389626762926,0.17488060104439807,0.028778802300180813
rf,single,25,low_plus_medium,"{""class_weight"": ""balanced"", ""max_depth"": 16, ""max_features"": ""log2"", ""min_samples_leaf"": 5, ""min_samples_split"": 11, ""n_estimators"": 475}",0.22082572622807825,0.8614430949925277,0.015055661712202604,0.9197577392275751,0.0028031065445391586,0.9285714285714286,0.020454030090394766,0.9240061761557186,0.009110569292009187,0.22076364210692567,0.02427688591624405,0.19536340852130327,0.03871379417676837,0.20337757060574346,0.02059030799932757,0.17448155622334788,0.015157076933720322
rf,single,26,low_plus_medium,"{""class_weight"": ""balanced"", ""max_depth"": 12, ""max_features"": ""log2"", ""min_samples_leaf"": 6, ""min_samples_split"": 11, ""n_estimators"": 325}",0.23764547656124088,0.8685880569997264,0.009841889234309151,0.9209096423385287,0.003191126974118656,0.9357142857142857,0.009516366138910172,0.9282337309753226,0.005640887929752787,0.24293281095874328,0.04254065070684742,0.2020676691729323,0.03261397066393595,0.2200706444543794,0.03574217851412706,0.17574832106861474,0.0097249463200091
rf,single,27,low_plus_medium,"{""class_weight"": {""0"": 4.5, ""1"": 1.0}, ""max_depth"": 8, ""max_features"": ""log2"", ""min_samples_leaf"": 5, ""min_samples_split"": 8, ""n_estimators"": 425}",0.1391516964071277,0.8971463301690206,0.00484477219208879,0.9134244170349346,0.002609530856656161,0.979642857142857,0.0040089186286863514,0.9453711422629649,0.002627553723819954,0.2728894634776987,0.10619440942275923,0.07788220551378446,0.03270268557871088,0.12058458194404306,0.04914348637511808,0.18567114463084655,0.021725565874958587
rf,single,28,low_plus_medium,"{""class_weight"": ""balanced"", ""max_depth"": 10, ""max_features"": ""log2"", ""min_samples_leaf"": 6, ""min_samples_split"": 9, ""n_estimators"": 350}",0.2213706966624915,0.860482224420636,0.01642402581824409,0.9196081889609393,0.0040484224054163865,0.9275,0.017590871937178208,0.9234630843739653,0.009664315978638515,0.21845885093167702,0.056660324219123086,0.1949248120300752,0.042955869079791625,0.2042295043669397,0.0456505890478549,0.1714119229555181,0.02569902108041583
rf,single,29,low_plus_medium,"{""class_weight"": ""balanced"", ""max_depth"": 14, ""max_features"": ""log2"", ""min_samples_leaf"": 4, ""min_samples_split"": 10, ""n_estimators"": 500}",0.17313109174287805,0.8585325938243281,0.013527735915386092,0.9171043182318606,0.0035533588685185812,0.9282142857142859,0.01657543055124611,0.9225425727382193,0.008075200784329871,0.19152598477325392,0.04383502209677046,0.1668546365914787,0.040234932036339634,0.17636864454522289,0.03743135364948905,0.1794748526452041,0.02013698512969475
rf,single,30,low_plus_medium,"{""class_weight"": ""balanced"", ""max_depth"": null, ""max_features"": ""log2"", ""min_samples_leaf"": 3, ""min_samples_split"": 6, ""n_estimators"": 475}",0.22411221079894011,0.8744280031151991,0.0075109862855670135,0.92004033496014,0.00698364542682935,0.9439285714285715,0.010387885408749284,0.9317675247318112,0.004232768819514347,0.24108303939305126,0.0711455974901508,0.1842731829573935,0.08312446736606946,0.2062458824608378,0.0755579240973374,0.1786632833810231,0.010140419406193067
rf,single,31,low_plus_medium,"{""class_weight"": ""balanced"", ""max_depth"": 16, ""max_features"": ""log2"", ""min_samples_leaf"": 6, ""min_samples_split"": 11, ""n_estimators"": 400}",0.24475012792827638,0.8582010776905428,0.021714973171932845,0.9221497890196607,0.005519716317313443,0.9217857142857142,0.025238656777221074,0.9217841834591246,0.013033044554816556,0.23348470536830762,0.06675814109129728,0.22713032581453635,0.061075282537182154,0.22649963158442268,0.05701073307427668,0.18250496343853714,0.03423266467702167
rf,single,32,low_plus_medium,"{""class_weight"": ""balanced"", ""max_depth"": 16, ""max_features"": ""log2"", ""min_samples_leaf"": 6, ""min_samples_split"": 11, ""n_estimators"": 400}",0.24242964068863723,0.8539897703593005,0.018683429429694077,0.9224313555540394,0.0040432661166521205,0.9164285714285715,0.024468847332800914,0.9192222423727492,0.011570011400893048,0.22256839184115496,0.034199617734247886,0.23383458646616542,0.059069164640000754,0.22443345945674276,0.03871379907234233,0.17996181231894465,0.013625557683040336
rf,single,33,low_plus_medium,"{""class_weight"": ""balanced"", ""max_depth"": 16, ""max_features"": ""log2"", ""min_samples_leaf"": 6, ""min_samples_split"": 12, ""n_estimators"": 400}",0.26049973900026363,0.8637231892904502,0.022266050221612228,0.9228223294804453,0.004342160676996255,0.9275,0.02232071427428535,0.925058585466622,0.012904216295677147,0.2603385551015735,0.09288585329652034,0.23063909774436087,0.0307492854925202,0.24130223804975182,0.055181715529934484,0.1919750095051181,0.05063863575531347
rf,single,34,low_plus_medium,"{""class_weight"": ""balanced"", ""max_depth"": 16, ""max_features"": ""log2"", ""min_samples_leaf"": 6, ""min_samples_split"": 12, ""n_estimators"": 300}",0.23321539808976743,0.8617698751815446,0.012546781188656552,0.9209900003884254,0.004267117498963071,0.9275,0.017408653724219895,0.9241217558617285,0.007663124003974337,0.22627301781585746,0.04306460471758184,0.20914786967418544,0.05659688111740466,0.2146843935067361,0.0418210068721272,0.1853100458303135,0.040236383688419815
rf,single,35,low_plus_medium,"{""class_weight"": ""balanced"", ""max_depth"": 16, ""max_features"": ""log2"", ""min_samples_leaf"": 6, ""min_samples_split"": 12, ""n_estimators"": 450}",0.2644732123082693,0.8653476183459976,0.006057615862646108,0.9239551045399559,0.0037884151818430756,0.9282142857142857,0.00809698860625332,0.9260506903069026,0.003605223946492756,0.25251894032891337,0.025041234475724657,0.2413533834586466,0.0395534659399164,0.2459818968909878,0.029533518049712423,0.18491315417281506,0.02311141174972179
rf,single,36,low_plus_medium,"{""class_weight"": ""balanced"", ""max_depth"": 16, ""max_features"": ""sqrt"", ""min_samples_leaf"": 5, ""min_samples_split"": 12, ""n_estimators"": 450}",0.19093811428006374,0.8672930392136227,0.011366816230340672,0.9167100751200987,0.004137417564302399,0.9392857142857144,0.012320134507614551,0.9278181756944968,0.006547190589863208,0.20392721983018477,0.05978894733050539,0.1526315789473684,0.04296683480938643,0.1732209447529784,0.047350763717425075,0.17717169527085352,0.035686862987250954
rf,single,37,low_plus_medium,"{""class_weight"": ""balanced"", ""max_depth"": 10, ""max_features"": ""log2"", ""min_samples_leaf"": 6, ""min_samples_split"": 12, ""n_estimators"": 450}",0.24709748788445587,0.8634016712622872,0.006891261121451336,0.9222854314693428,0.0025547334595721997,0.9278571428571428,0.010264362759428507,0.9250224912728079,0.00424819467205365,0.23784934648042375,0.012188606467551667,0.22343358395989976,0.03310939627443435,0.22924179828504504,0.02022347182106844,0.17855689599410846,0.024524200721333968
rf,single,38,low_plus_medium,"{""class_weight"": {""0"": 4.5, ""1"": 1.0}, ""max_depth"": 16, ""max_features"": ""log2"", ""min_samples_leaf"": 5, ""min_samples_split"": 11, ""n_estimators"": 600}",0.13338129908658572,0.8951993306531394,0.006354362511499476,0.9129753764385592,0.0036014888169274553,0.9778571428571429,0.0036770107646382014,0.9443011536894298,0.0033821520796730267,0.2508636788048553,0.11584399848538385,0.07456140350877193,0.03656056647380545,0.11480309095512646,0.05555768895306721,0.18578208131459262,0.024196763577318536
rf,single,39,low_plus_medium,"{""class_weight"": ""balanced"", ""max_depth"": null, ""max_features"": ""sqrt"", ""min_samples_leaf"": 6, ""min_samples_split"": 12, ""n_estimators"": 500}",0.2005612052912391,0.865993811698836,0.01614099792602829,0.9174316993522629,0.003518011259676225,0.9367857142857143,0.016812288994199752,0.9269471088857761,0.009389008650265792,0.2137158131438448,0.05600393949494073,0.16284461152882204,0.03816267856477676,0.18313668688394547,0.042377731914628826,0.1742451840729364,0.0338158033500319
rf,single,40,low_plus_medium,"{""class_weight"": ""balanced"", ""max_depth"": 14, ""max_features"": ""log2"", ""min_samples_leaf"": 3, ""min_samples_split"": 7, ""n_estimators"": 500}",0.2217689153987199,0.8776852806836599,0.01706575057537667,0.9190578300809342,0.006596117233168829,0.9489285714285713,0.015754817857223404,0.9337024962916056,0.009656283438590818,0.26007915389990865,0.10333743410366604,0.17042606516290726,0.0657781348386022,0.20345252414420867,0.07668519482286255,0.18316391254511244,0.04781507688201967
